This is pdfTeX, Version 3.141592653-2.6-1.40.29 (TeX Live 2026) (preloaded format=pdflatex 2026.4.10)  26 JUL 2026 00:14
entering extended mode
 \write18 enabled.
 %&-line parsing enabled.
**main.tex
(./main.tex
LaTeX2e <2025-11-01>
L3 programming layer <2026-01-19>
(./tfg.cls
Document Class: tfg 2020/03/26 Plantilla para la memoria del TFG
(/usr/local/texlive/2026/texmf-dist/tex/latex/base/book.cls
Document Class: book 2025/01/22 v1.4n Standard LaTeX document class
(/usr/local/texlive/2026/texmf-dist/tex/latex/base/bk12.clo
File: bk12.clo 2025/01/22 v1.4n Standard LaTeX file (size option)
)
\c@part=\count275
\c@chapter=\count276
\c@section=\count277
\c@subsection=\count278
\c@subsubsection=\count279
\c@paragraph=\count280
\c@subparagraph=\count281
\c@figure=\count282
\c@table=\count283
\abovecaptionskip=\skip49
\belowcaptionskip=\skip50
\bibindent=\dimen148
)
(/usr/local/texlive/2026/texmf-dist/tex/latex/base/fontenc.sty
Package: fontenc 2025/07/18 v2.1d Standard LaTeX package
)
(/usr/local/texlive/2026/texmf-dist/tex/generic/babel/babel.sty
Package: babel 2026/03/08 v26.4 The multilingual framework for LuaLaTeX, pdfLaT
eX and XeLaTeX
\babel@savecnt=\count284
LaTeX Encoding Info:    Redeclaring text command \ij (encoding OT1) on input li
ne 2078.
LaTeX Encoding Info:    Redeclaring text command \IJ (encoding OT1) on input li
ne 2080.
LaTeX Encoding Info:    Redeclaring text command \ij (encoding T1) on input lin
e 2082.
LaTeX Encoding Info:    Redeclaring text command \IJ (encoding T1) on input lin
e 2083.
LaTeX Encoding Info:    Ignoring declaration for text command \ij (encoding ?) 
on input line 2084.
LaTeX Encoding Info:    Ignoring declaration for text command \IJ (encoding ?) 
on input line 2086.
LaTeX Encoding Info:    Ignoring declaration for text command \SS (encoding ?) 
on input line 2111.
\U@D=\dimen149
\l@unhyphenated=\language91

(/usr/local/texlive/2026/texmf-dist/tex/generic/babel/txtbabel.def)
\bbl@readstream=\read2
\bbl@dirlevel=\count285

(/usr/local/texlive/2026/texmf-dist/tex/generic/babel/locale/es/babel-spanish.t
ex)
Package babel Info: Importing font and identification data for spanish
(babel)             from babel-es.ini. Reported on input line 4330.
 (/usr/local/texlive/2026/texmf-dist/tex/generic/babel-spanish/spanish.ldf
Language: spanish.ldf 2021/05/27 v5.0q Spanish support from the babel system
\es@quottoks=\toks17
\es@quotdepth=\count286
Package babel Info: Making " an active character on input line 570.
Package babel Info: Making . an active character on input line 675.
Package babel Info: Making < an active character on input line 722.
Package babel Info: Making > an active character on input line 722.
Package babel Info: Making ' an active character on input line 740.
))
LaTeX Encoding Info:    Redeclaring text command \guillemotleft (encoding OT1) 
on input line 44.
LaTeX Encoding Info:    Redeclaring text command \guillemotright (encoding OT1)
 on input line 44.
(/usr/local/texlive/2026/texmf-dist/tex/latex/amsmath/amsmath.sty
Package: amsmath 2025/07/09 v2.17z AMS math features
\@mathmargin=\skip51

For additional information on amsmath, use the `?' option.
(/usr/local/texlive/2026/texmf-dist/tex/latex/amsmath/amstext.sty
Package: amstext 2024/11/17 v2.01 AMS text

(/usr/local/texlive/2026/texmf-dist/tex/latex/amsmath/amsgen.sty
File: amsgen.sty 1999/11/30 v2.0 generic functions
\@emptytoks=\toks18
\ex@=\dimen150
))
(/usr/local/texlive/2026/texmf-dist/tex/latex/amsmath/amsbsy.sty
Package: amsbsy 1999/11/29 v1.2d Bold Symbols
\pmbraise@=\dimen151
)
(/usr/local/texlive/2026/texmf-dist/tex/latex/amsmath/amsopn.sty
Package: amsopn 2022/04/08 v2.04 operator names
)
\inf@bad=\count287
LaTeX Info: Redefining \frac on input line 233.
\uproot@=\count288
\leftroot@=\count289
LaTeX Info: Redefining \overline on input line 398.
LaTeX Info: Redefining \colon on input line 409.
\classnum@=\count290
\DOTSCASE@=\count291
LaTeX Info: Redefining \ldots on input line 495.
LaTeX Info: Redefining \dots on input line 498.
LaTeX Info: Redefining \cdots on input line 619.
\Mathstrutbox@=\box53
\strutbox@=\box54
LaTeX Info: Redefining \big on input line 721.
LaTeX Info: Redefining \Big on input line 722.
LaTeX Info: Redefining \bigg on input line 723.
LaTeX Info: Redefining \Bigg on input line 724.
\big@size=\dimen152
LaTeX Font Info:    Redeclaring font encoding OML on input line 742.
LaTeX Font Info:    Redeclaring font encoding OMS on input line 743.
\macc@depth=\count292
LaTeX Info: Redefining \bmod on input line 904.
LaTeX Info: Redefining \pmod on input line 909.
LaTeX Info: Redefining \smash on input line 939.
LaTeX Info: Redefining \relbar on input line 969.
LaTeX Info: Redefining \Relbar on input line 970.
\c@MaxMatrixCols=\count293
\dotsspace@=\muskip17
\c@parentequation=\count294
\dspbrk@lvl=\count295
\tag@help=\toks19
\row@=\count296
\column@=\count297
\maxfields@=\count298
\andhelp@=\toks20
\eqnshift@=\dimen153
\alignsep@=\dimen154
\tagshift@=\dimen155
\tagwidth@=\dimen156
\totwidth@=\dimen157
\lineht@=\dimen158
\@envbody=\toks21
\multlinegap=\skip52
\multlinetaggap=\skip53
\mathdisplay@stack=\toks22
LaTeX Info: Redefining \[ on input line 2950.
LaTeX Info: Redefining \] on input line 2951.
)
(/usr/local/texlive/2026/texmf-dist/tex/latex/amsfonts/amssymb.sty
Package: amssymb 2013/01/14 v3.01 AMS font symbols

(/usr/local/texlive/2026/texmf-dist/tex/latex/amsfonts/amsfonts.sty
Package: amsfonts 2013/01/14 v3.01 Basic AMSFonts support
\symAMSa=\mathgroup4
\symAMSb=\mathgroup5
LaTeX Font Info:    Redeclaring math symbol \hbar on input line 98.
LaTeX Font Info:    Overwriting math alphabet `\mathfrak' in version `bold'
(Font)                  U/euf/m/n --> U/euf/b/n on input line 106.
))
(/usr/local/texlive/2026/texmf-dist/tex/latex/fancyhdr/fancyhdr.sty
Package: fancyhdr 2025/02/07 v5.2 Extensive control of page headers and footers

\f@nch@headwidth=\skip54
\f@nch@offset@elh=\skip55
\f@nch@offset@erh=\skip56
\f@nch@offset@olh=\skip57
\f@nch@offset@orh=\skip58
\f@nch@offset@elf=\skip59
\f@nch@offset@erf=\skip60
\f@nch@offset@olf=\skip61
\f@nch@offset@orf=\skip62
\f@nch@height=\skip63
\f@nch@footalignment=\skip64
\f@nch@widthL=\skip65
\f@nch@widthC=\skip66
\f@nch@widthR=\skip67
\@temptokenb=\toks23
)
(/usr/local/texlive/2026/texmf-dist/tex/latex/listings/listings.sty
(/usr/local/texlive/2026/texmf-dist/tex/latex/graphics/keyval.sty
Package: keyval 2022/05/29 v1.15 key=value parser (DPC)
\KV@toks@=\toks24
)
\lst@mode=\count299
\lst@gtempboxa=\box55
\lst@token=\toks25
\lst@length=\count300
\lst@currlwidth=\dimen159
\lst@column=\count301
\lst@pos=\count302
\lst@lostspace=\dimen160
\lst@width=\dimen161
\lst@newlines=\count303
\lst@lineno=\count304
\lst@maxwidth=\dimen162

(/usr/local/texlive/2026/texmf-dist/tex/latex/listings/lstpatch.sty
File: lstpatch.sty 2025/11/14 1.11b (Carsten Heinz)
)
(/usr/local/texlive/2026/texmf-dist/tex/latex/listings/lstmisc.sty
File: lstmisc.sty 2025/11/14 1.11b (Carsten Heinz)
\c@lstnumber=\count305
\lst@skipnumbers=\count306
\lst@framebox=\box56
)
(/usr/local/texlive/2026/texmf-dist/tex/latex/listings/listings.cfg
File: listings.cfg 2025/11/14 1.11b listings configuration
))
Package: listings 2025/11/14 1.11b (Carsten Heinz)

==> First Aid for listings.sty no longer applied!
    Expected:
        2024/09/23 1.10c (Carsten Heinz)
    but found:
        2025/11/14 1.11b (Carsten Heinz)
    so I'm assuming it got fixed.
(/usr/local/texlive/2026/texmf-dist/tex/latex/hyperref/hyperref.sty
Package: hyperref 2026-01-29 v7.01p Hypertext links for LaTeX

(/usr/local/texlive/2026/texmf-dist/tex/generic/iftex/iftex.sty
Package: iftex 2024/12/12 v1.0g TeX engine tests
)
(/usr/local/texlive/2026/texmf-dist/tex/latex/kvsetkeys/kvsetkeys.sty
Package: kvsetkeys 2022-10-05 v1.19 Key value parser (HO)
)
(/usr/local/texlive/2026/texmf-dist/tex/generic/kvdefinekeys/kvdefinekeys.sty
Package: kvdefinekeys 2019-12-19 v1.6 Define keys (HO)
)
(/usr/local/texlive/2026/texmf-dist/tex/generic/pdfescape/pdfescape.sty
Package: pdfescape 2019/12/09 v1.15 Implements pdfTeX's escape features (HO)

(/usr/local/texlive/2026/texmf-dist/tex/generic/ltxcmds/ltxcmds.sty
Package: ltxcmds 2023-12-04 v1.26 LaTeX kernel commands for general use (HO)
)
(/usr/local/texlive/2026/texmf-dist/tex/generic/pdftexcmds/pdftexcmds.sty
Package: pdftexcmds 2020-06-27 v0.33 Utility functions of pdfTeX for LuaTeX (HO
)

(/usr/local/texlive/2026/texmf-dist/tex/generic/infwarerr/infwarerr.sty
Package: infwarerr 2019/12/03 v1.5 Providing info/warning/error messages (HO)
)
Package pdftexcmds Info: \pdf@primitive is available.
Package pdftexcmds Info: \pdf@ifprimitive is available.
Package pdftexcmds Info: \pdfdraftmode found.
))
(/usr/local/texlive/2026/texmf-dist/tex/latex/hycolor/hycolor.sty
Package: hycolor 2020-01-27 v1.10 Color options for hyperref/bookmark (HO)
)
(/usr/local/texlive/2026/texmf-dist/tex/latex/hyperref/nameref.sty
Package: nameref 2026-01-29 v2.58 Cross-referencing by name of section

(/usr/local/texlive/2026/texmf-dist/tex/latex/refcount/refcount.sty
Package: refcount 2019/12/15 v3.6 Data extraction from label references (HO)
)
(/usr/local/texlive/2026/texmf-dist/tex/generic/gettitlestring/gettitlestring.s
ty
Package: gettitlestring 2019/12/15 v1.6 Cleanup title references (HO)
 (/usr/local/texlive/2026/texmf-dist/tex/latex/kvoptions/kvoptions.sty
Package: kvoptions 2022-06-15 v3.15 Key value format for package options (HO)
))
\c@section@level=\count307
)
(/usr/local/texlive/2026/texmf-dist/tex/latex/etoolbox/etoolbox.sty
Package: etoolbox 2025/10/02 v2.5m e-TeX tools for LaTeX (JAW)
\etb@tempcnta=\count308
)
(/usr/local/texlive/2026/texmf-dist/tex/generic/stringenc/stringenc.sty
Package: stringenc 2019/11/29 v1.12 Convert strings between diff. encodings (HO
)
)
\@linkdim=\dimen163
\Hy@linkcounter=\count309
\Hy@pagecounter=\count310

(/usr/local/texlive/2026/texmf-dist/tex/latex/hyperref/pd1enc.def
File: pd1enc.def 2026-01-29 v7.01p Hyperref: PDFDocEncoding definition (HO)
Now handling font encoding PD1 ...
... no UTF-8 mapping file for font encoding PD1
)
(/usr/local/texlive/2026/texmf-dist/tex/generic/intcalc/intcalc.sty
Package: intcalc 2019/12/15 v1.3 Expandable calculations with integers (HO)
)
\Hy@SavedSpaceFactor=\count311

(/usr/local/texlive/2026/texmf-dist/tex/latex/hyperref/puenc.def
File: puenc.def 2026-01-29 v7.01p Hyperref: PDF Unicode definition (HO)
Now handling font encoding PU ...
... no UTF-8 mapping file for font encoding PU
)
Package hyperref Info: Hyper figures OFF on input line 4201.
Package hyperref Info: Link nesting OFF on input line 4206.
Package hyperref Info: Hyper index ON on input line 4209.
Package hyperref Info: Plain pages OFF on input line 4216.
Package hyperref Info: Backreferencing OFF on input line 4221.
Package hyperref Info: Implicit mode ON; LaTeX internals redefined.
Package hyperref Info: Bookmarks ON on input line 4468.
\c@Hy@tempcnt=\count312

(/usr/local/texlive/2026/texmf-dist/tex/latex/url/url.sty
\Urlmuskip=\muskip18
Package: url 2013/09/16  ver 3.4  Verb mode for urls, etc.
)
LaTeX Info: Redefining \url on input line 4807.
\XeTeXLinkMargin=\dimen164

(/usr/local/texlive/2026/texmf-dist/tex/generic/bitset/bitset.sty
Package: bitset 2019/12/09 v1.3 Handle bit-vector datatype (HO)

(/usr/local/texlive/2026/texmf-dist/tex/generic/bigintcalc/bigintcalc.sty
Package: bigintcalc 2019/12/15 v1.5 Expandable calculations on big integers (HO
)
))
\Fld@menulength=\count313
\Field@Width=\dimen165
\Fld@charsize=\dimen166
Package hyperref Info: Hyper figures OFF on input line 6084.
Package hyperref Info: Link nesting OFF on input line 6089.
Package hyperref Info: Hyper index ON on input line 6092.
Package hyperref Info: backreferencing OFF on input line 6099.
Package hyperref Info: Link coloring OFF on input line 6104.
Package hyperref Info: Link coloring with OCG OFF on input line 6109.
Package hyperref Info: PDF/A mode OFF on input line 6114.
\Hy@abspage=\count314
\c@Item=\count315
\c@Hfootnote=\count316
)
Package hyperref Info: Driver (autodetected): hpdftex.

(/usr/local/texlive/2026/texmf-dist/tex/latex/hyperref/hpdftex.def
File: hpdftex.def 2026-01-29 v7.01p Hyperref driver for pdfTeX
\Fld@listcount=\count317
\c@bookmark@seq@number=\count318

(/usr/local/texlive/2026/texmf-dist/tex/latex/rerunfilecheck/rerunfilecheck.sty
Package: rerunfilecheck 2025-06-21 v1.11 Rerun checks for auxiliary files (HO)

(/usr/local/texlive/2026/texmf-dist/tex/generic/uniquecounter/uniquecounter.sty
Package: uniquecounter 2019/12/15 v1.4 Provide unlimited unique counter (HO)
)
Package uniquecounter Info: New unique counter `rerunfilecheck' on input line 2
84.
)
\Hy@SectionHShift=\skip68
) (/usr/local/texlive/2026/texmf-dist/tex/latex/graphics/graphicx.sty
Package: graphicx 2024/12/31 v1.2e Enhanced LaTeX Graphics (DPC,SPQR)

(/usr/local/texlive/2026/texmf-dist/tex/latex/graphics/graphics.sty
Package: graphics 2024/08/06 v1.4g Standard LaTeX Graphics (DPC,SPQR)

(/usr/local/texlive/2026/texmf-dist/tex/latex/graphics/trig.sty
Package: trig 2023/12/02 v1.11 sin cos tan (DPC)
)
(/usr/local/texlive/2026/texmf-dist/tex/latex/graphics-cfg/graphics.cfg
File: graphics.cfg 2016/06/04 v1.11 sample graphics configuration
)
Package graphics Info: Driver file: pdftex.def on input line 106.

(/usr/local/texlive/2026/texmf-dist/tex/latex/graphics-def/pdftex.def
File: pdftex.def 2025/09/29 v1.2d Graphics/color driver for pdftex
))
\Gin@req@height=\dimen167
\Gin@req@width=\dimen168
)
(/usr/local/texlive/2026/texmf-dist/tex/latex/pgf/frontendlayer/tikz.sty
(/usr/local/texlive/2026/texmf-dist/tex/latex/pgf/basiclayer/pgf.sty
(/usr/local/texlive/2026/texmf-dist/tex/latex/pgf/utilities/pgfrcs.sty
(/usr/local/texlive/2026/texmf-dist/tex/generic/pgf/utilities/pgfutil-common.te
x
\pgfutil@everybye=\toks26
\pgfutil@tempdima=\dimen169
\pgfutil@tempdimb=\dimen170
)
(/usr/local/texlive/2026/texmf-dist/tex/generic/pgf/utilities/pgfutil-latex.def
\pgfutil@abb=\box57
) (/usr/local/texlive/2026/texmf-dist/tex/generic/pgf/utilities/pgfrcs.code.tex
(/usr/local/texlive/2026/texmf-dist/tex/generic/pgf/pgf.revision.tex)
Package: pgfrcs 2025-08-29 v3.1.11a (3.1.11a)
))
Package: pgf 2025-08-29 v3.1.11a (3.1.11a)

(/usr/local/texlive/2026/texmf-dist/tex/latex/pgf/basiclayer/pgfcore.sty
(/usr/local/texlive/2026/texmf-dist/tex/latex/pgf/systemlayer/pgfsys.sty
(/usr/local/texlive/2026/texmf-dist/tex/generic/pgf/systemlayer/pgfsys.code.tex
Package: pgfsys 2025-08-29 v3.1.11a (3.1.11a)
(/usr/local/texlive/2026/texmf-dist/tex/generic/pgf/utilities/pgfkeys.code.tex
\pgfkeys@pathtoks=\toks27
\pgfkeys@temptoks=\toks28

(/usr/local/texlive/2026/texmf-dist/tex/generic/pgf/utilities/pgfkeyslibraryfil
tered.code.tex
\pgfkeys@tmptoks=\toks29
))
\pgf@x=\dimen171
\pgf@y=\dimen172
\pgf@xa=\dimen173
\pgf@ya=\dimen174
\pgf@xb=\dimen175
\pgf@yb=\dimen176
\pgf@xc=\dimen177
\pgf@yc=\dimen178
\pgf@xd=\dimen179
\pgf@yd=\dimen180
\w@pgf@writea=\write3
\r@pgf@reada=\read3
\c@pgf@counta=\count319
\c@pgf@countb=\count320
\c@pgf@countc=\count321
\c@pgf@countd=\count322
\t@pgf@toka=\toks30
\t@pgf@tokb=\toks31
\t@pgf@tokc=\toks32
\pgf@sys@id@count=\count323

(/usr/local/texlive/2026/texmf-dist/tex/generic/pgf/systemlayer/pgf.cfg
File: pgf.cfg 2025-08-29 v3.1.11a (3.1.11a)
)
Driver file for pgf: pgfsys-pdftex.def

(/usr/local/texlive/2026/texmf-dist/tex/generic/pgf/systemlayer/pgfsys-pdftex.d
ef
File: pgfsys-pdftex.def 2025-08-29 v3.1.11a (3.1.11a)

(/usr/local/texlive/2026/texmf-dist/tex/generic/pgf/systemlayer/pgfsys-common-p
df.def
File: pgfsys-common-pdf.def 2025-08-29 v3.1.11a (3.1.11a)
)))
(/usr/local/texlive/2026/texmf-dist/tex/generic/pgf/systemlayer/pgfsyssoftpath.
code.tex
File: pgfsyssoftpath.code.tex 2025-08-29 v3.1.11a (3.1.11a)
\pgfsyssoftpath@smallbuffer@items=\count324
\pgfsyssoftpath@bigbuffer@items=\count325
)
(/usr/local/texlive/2026/texmf-dist/tex/generic/pgf/systemlayer/pgfsysprotocol.
code.tex
File: pgfsysprotocol.code.tex 2025-08-29 v3.1.11a (3.1.11a)
)) (/usr/local/texlive/2026/texmf-dist/tex/latex/xcolor/xcolor.sty
Package: xcolor 2024/09/29 v3.02 LaTeX color extensions (UK)

(/usr/local/texlive/2026/texmf-dist/tex/latex/graphics-cfg/color.cfg
File: color.cfg 2016/01/02 v1.6 sample color configuration
)
Package xcolor Info: Driver file: pdftex.def on input line 274.

(/usr/local/texlive/2026/texmf-dist/tex/latex/graphics/mathcolor.ltx)
Package xcolor Info: Model `cmy' substituted by `cmy0' on input line 1349.
Package xcolor Info: Model `hsb' substituted by `rgb' on input line 1353.
Package xcolor Info: Model `RGB' extended on input line 1365.
Package xcolor Info: Model `HTML' substituted by `rgb' on input line 1367.
Package xcolor Info: Model `Hsb' substituted by `hsb' on input line 1368.
Package xcolor Info: Model `tHsb' substituted by `hsb' on input line 1369.
Package xcolor Info: Model `HSB' substituted by `hsb' on input line 1370.
Package xcolor Info: Model `Gray' substituted by `gray' on input line 1371.
Package xcolor Info: Model `wave' substituted by `hsb' on input line 1372.
)
(/usr/local/texlive/2026/texmf-dist/tex/generic/pgf/basiclayer/pgfcore.code.tex
Package: pgfcore 2025-08-29 v3.1.11a (3.1.11a)
(/usr/local/texlive/2026/texmf-dist/tex/generic/pgf/math/pgfmath.code.tex
(/usr/local/texlive/2026/texmf-dist/tex/generic/pgf/math/pgfmathutil.code.tex)
(/usr/local/texlive/2026/texmf-dist/tex/generic/pgf/math/pgfmathparser.code.tex
\pgfmath@dimen=\dimen181
\pgfmath@count=\count326
\pgfmath@box=\box58
\pgfmath@toks=\toks33
\pgfmath@stack@operand=\toks34
\pgfmath@stack@operation=\toks35
)
(/usr/local/texlive/2026/texmf-dist/tex/generic/pgf/math/pgfmathfunctions.code.
tex)
(/usr/local/texlive/2026/texmf-dist/tex/generic/pgf/math/pgfmathfunctions.basic
.code.tex)
(/usr/local/texlive/2026/texmf-dist/tex/generic/pgf/math/pgfmathfunctions.trigo
nometric.code.tex)
(/usr/local/texlive/2026/texmf-dist/tex/generic/pgf/math/pgfmathfunctions.rando
m.code.tex)
(/usr/local/texlive/2026/texmf-dist/tex/generic/pgf/math/pgfmathfunctions.compa
rison.code.tex)
(/usr/local/texlive/2026/texmf-dist/tex/generic/pgf/math/pgfmathfunctions.base.
code.tex)
(/usr/local/texlive/2026/texmf-dist/tex/generic/pgf/math/pgfmathfunctions.round
.code.tex)
(/usr/local/texlive/2026/texmf-dist/tex/generic/pgf/math/pgfmathfunctions.misc.
code.tex)
(/usr/local/texlive/2026/texmf-dist/tex/generic/pgf/math/pgfmathfunctions.integ
erarithmetics.code.tex)
(/usr/local/texlive/2026/texmf-dist/tex/generic/pgf/math/pgfmathcalc.code.tex)
(/usr/local/texlive/2026/texmf-dist/tex/generic/pgf/math/pgfmathfloat.code.tex
\c@pgfmathroundto@lastzeros=\count327
)) (/usr/local/texlive/2026/texmf-dist/tex/generic/pgf/math/pgfint.code.tex)
(/usr/local/texlive/2026/texmf-dist/tex/generic/pgf/basiclayer/pgfcorepoints.co
de.tex
File: pgfcorepoints.code.tex 2025-08-29 v3.1.11a (3.1.11a)
\pgf@picminx=\dimen182
\pgf@picmaxx=\dimen183
\pgf@picminy=\dimen184
\pgf@picmaxy=\dimen185
\pgf@pathminx=\dimen186
\pgf@pathmaxx=\dimen187
\pgf@pathminy=\dimen188
\pgf@pathmaxy=\dimen189
\pgf@xx=\dimen190
\pgf@xy=\dimen191
\pgf@yx=\dimen192
\pgf@yy=\dimen193
\pgf@zx=\dimen194
\pgf@zy=\dimen195
)
(/usr/local/texlive/2026/texmf-dist/tex/generic/pgf/basiclayer/pgfcorepathconst
ruct.code.tex
File: pgfcorepathconstruct.code.tex 2025-08-29 v3.1.11a (3.1.11a)
\pgf@path@lastx=\dimen196
\pgf@path@lasty=\dimen197
)
(/usr/local/texlive/2026/texmf-dist/tex/generic/pgf/basiclayer/pgfcorepathusage
.code.tex
File: pgfcorepathusage.code.tex 2025-08-29 v3.1.11a (3.1.11a)
\pgf@shorten@end@additional=\dimen198
\pgf@shorten@start@additional=\dimen199
)
(/usr/local/texlive/2026/texmf-dist/tex/generic/pgf/basiclayer/pgfcorescopes.co
de.tex
File: pgfcorescopes.code.tex 2025-08-29 v3.1.11a (3.1.11a)
\pgfpic=\box59
\pgf@hbox=\box60
\pgf@layerbox@main=\box61
\pgf@picture@serial@count=\count328
)
(/usr/local/texlive/2026/texmf-dist/tex/generic/pgf/basiclayer/pgfcoregraphicst
ate.code.tex
File: pgfcoregraphicstate.code.tex 2025-08-29 v3.1.11a (3.1.11a)
\pgflinewidth=\dimen256
)
(/usr/local/texlive/2026/texmf-dist/tex/generic/pgf/basiclayer/pgfcoretransform
ations.code.tex
File: pgfcoretransformations.code.tex 2025-08-29 v3.1.11a (3.1.11a)
\pgf@pt@x=\dimen257
\pgf@pt@y=\dimen258
\pgf@pt@temp=\dimen259
)
(/usr/local/texlive/2026/texmf-dist/tex/generic/pgf/basiclayer/pgfcorequick.cod
e.tex
File: pgfcorequick.code.tex 2025-08-29 v3.1.11a (3.1.11a)
)
(/usr/local/texlive/2026/texmf-dist/tex/generic/pgf/basiclayer/pgfcoreobjects.c
ode.tex
File: pgfcoreobjects.code.tex 2025-08-29 v3.1.11a (3.1.11a)
)
(/usr/local/texlive/2026/texmf-dist/tex/generic/pgf/basiclayer/pgfcorepathproce
ssing.code.tex
File: pgfcorepathprocessing.code.tex 2025-08-29 v3.1.11a (3.1.11a)
)
(/usr/local/texlive/2026/texmf-dist/tex/generic/pgf/basiclayer/pgfcorearrows.co
de.tex
File: pgfcorearrows.code.tex 2025-08-29 v3.1.11a (3.1.11a)
\pgfarrowsep=\dimen260
)
(/usr/local/texlive/2026/texmf-dist/tex/generic/pgf/basiclayer/pgfcoreshade.cod
e.tex
File: pgfcoreshade.code.tex 2025-08-29 v3.1.11a (3.1.11a)
\pgf@max=\dimen261
\pgf@sys@shading@range@num=\count329
\pgf@shadingcount=\count330
)
(/usr/local/texlive/2026/texmf-dist/tex/generic/pgf/basiclayer/pgfcoreimage.cod
e.tex
File: pgfcoreimage.code.tex 2025-08-29 v3.1.11a (3.1.11a)
)
(/usr/local/texlive/2026/texmf-dist/tex/generic/pgf/basiclayer/pgfcoreexternal.
code.tex
File: pgfcoreexternal.code.tex 2025-08-29 v3.1.11a (3.1.11a)
\pgfexternal@startupbox=\box62
)
(/usr/local/texlive/2026/texmf-dist/tex/generic/pgf/basiclayer/pgfcorelayers.co
de.tex
File: pgfcorelayers.code.tex 2025-08-29 v3.1.11a (3.1.11a)
)
(/usr/local/texlive/2026/texmf-dist/tex/generic/pgf/basiclayer/pgfcoretranspare
ncy.code.tex
File: pgfcoretransparency.code.tex 2025-08-29 v3.1.11a (3.1.11a)
)
(/usr/local/texlive/2026/texmf-dist/tex/generic/pgf/basiclayer/pgfcorepatterns.
code.tex
File: pgfcorepatterns.code.tex 2025-08-29 v3.1.11a (3.1.11a)
)
(/usr/local/texlive/2026/texmf-dist/tex/generic/pgf/basiclayer/pgfcorerdf.code.
tex
File: pgfcorerdf.code.tex 2025-08-29 v3.1.11a (3.1.11a)
)))
(/usr/local/texlive/2026/texmf-dist/tex/generic/pgf/modules/pgfmoduleshapes.cod
e.tex
File: pgfmoduleshapes.code.tex 2025-08-29 v3.1.11a (3.1.11a)
\pgfnodeparttextbox=\box63
)
(/usr/local/texlive/2026/texmf-dist/tex/generic/pgf/modules/pgfmoduleplot.code.
tex
File: pgfmoduleplot.code.tex 2025-08-29 v3.1.11a (3.1.11a)
)
(/usr/local/texlive/2026/texmf-dist/tex/latex/pgf/compatibility/pgfcomp-version
-0-65.sty
Package: pgfcomp-version-0-65 2025-08-29 v3.1.11a (3.1.11a)
\pgf@nodesepstart=\dimen262
\pgf@nodesepend=\dimen263
)
(/usr/local/texlive/2026/texmf-dist/tex/latex/pgf/compatibility/pgfcomp-version
-1-18.sty
Package: pgfcomp-version-1-18 2025-08-29 v3.1.11a (3.1.11a)
))
(/usr/local/texlive/2026/texmf-dist/tex/latex/pgf/utilities/pgffor.sty
(/usr/local/texlive/2026/texmf-dist/tex/latex/pgf/utilities/pgfkeys.sty
(/usr/local/texlive/2026/texmf-dist/tex/generic/pgf/utilities/pgfkeys.code.tex)
) (/usr/local/texlive/2026/texmf-dist/tex/latex/pgf/math/pgfmath.sty
(/usr/local/texlive/2026/texmf-dist/tex/generic/pgf/math/pgfmath.code.tex))
(/usr/local/texlive/2026/texmf-dist/tex/generic/pgf/utilities/pgffor.code.tex
Package: pgffor 2025-08-29 v3.1.11a (3.1.11a)
\pgffor@iter=\dimen264
\pgffor@skip=\dimen265
\pgffor@stack=\toks36
\pgffor@toks=\toks37
))
(/usr/local/texlive/2026/texmf-dist/tex/generic/pgf/frontendlayer/tikz/tikz.cod
e.tex
Package: tikz 2025-08-29 v3.1.11a (3.1.11a)

(/usr/local/texlive/2026/texmf-dist/tex/generic/pgf/libraries/pgflibraryplothan
dlers.code.tex
File: pgflibraryplothandlers.code.tex 2025-08-29 v3.1.11a (3.1.11a)
\pgf@plot@mark@count=\count331
\pgfplotmarksize=\dimen266
)
\tikz@lastx=\dimen267
\tikz@lasty=\dimen268
\tikz@lastxsaved=\dimen269
\tikz@lastysaved=\dimen270
\tikz@lastmovetox=\dimen271
\tikz@lastmovetoy=\dimen272
\tikzleveldistance=\dimen273
\tikzsiblingdistance=\dimen274
\tikz@figbox=\box64
\tikz@figbox@bg=\box65
\tikz@tempbox=\box66
\tikz@tempbox@bg=\box67
\tikztreelevel=\count332
\tikznumberofchildren=\count333
\tikznumberofcurrentchild=\count334
\tikz@fig@count=\count335

(/usr/local/texlive/2026/texmf-dist/tex/generic/pgf/modules/pgfmodulematrix.cod
e.tex
File: pgfmodulematrix.code.tex 2025-08-29 v3.1.11a (3.1.11a)
\pgfmatrixcurrentrow=\count336
\pgfmatrixcurrentcolumn=\count337
\pgf@matrix@numberofcolumns=\count338
)
\tikz@expandcount=\count339

(/usr/local/texlive/2026/texmf-dist/tex/generic/pgf/frontendlayer/tikz/librarie
s/tikzlibrarytopaths.code.tex
File: tikzlibrarytopaths.code.tex 2025-08-29 v3.1.11a (3.1.11a)
)))
(/usr/local/texlive/2026/texmf-dist/tex/latex/framed/framed.sty
Package: framed 2011/10/22 v 0.96: framed or shaded text with page breaks
\OuterFrameSep=\skip69
\fb@frw=\dimen275
\fb@frh=\dimen276
\FrameRule=\dimen277
\FrameSep=\dimen278
)
(/usr/local/texlive/2026/texmf-dist/tex/latex/geometry/geometry.sty
Package: geometry 2026/03/07 v6.0 Page Geometry

(/usr/local/texlive/2026/texmf-dist/tex/generic/iftex/ifvtex.sty
Package: ifvtex 2019/10/25 v1.7 ifvtex legacy package. Use iftex instead.
)
\Gm@cnth=\count340
\Gm@cntv=\count341
\c@Gm@tempcnt=\count342
\Gm@bindingoffset=\dimen279
\Gm@wd@mp=\dimen280
\Gm@odd@mp=\dimen281
\Gm@even@mp=\dimen282
\Gm@layoutwidth=\dimen283
\Gm@layoutheight=\dimen284
\Gm@layouthoffset=\dimen285
\Gm@layoutvoffset=\dimen286
\Gm@dimlist=\toks38
)
(/usr/local/texlive/2026/texmf-dist/tex/generic/soul/soul.sty
Package: soul 2026-03-06 v3.2 Permit use of UTF-8 characters in soul (HO)

(/usr/local/texlive/2026/texmf-dist/tex/generic/soul/soul-ori.sty
Package: soul-ori 2026-03-06 v3.2 letterspacing/underlining (mf)
\SOUL@word=\toks39
\SOUL@lasttoken=\toks40
\SOUL@syllable=\toks41
\SOUL@cmds=\toks42
\SOUL@buffer=\toks43
\SOUL@token=\toks44
\SOUL@syllgoal=\dimen287
\SOUL@syllwidth=\dimen288
\SOUL@charkern=\dimen289
\SOUL@hyphkern=\dimen290
\SOUL@dimen=\dimen291
\SOUL@dimeni=\dimen292
\SOUL@minus=\count343
\SOUL@comma=\count344
\SOUL@apo=\count345
\SOUL@grave=\count346
\SOUL@spaceskip=\skip70
\SOUL@ttwidth=\dimen293
\SOUL@uldp=\dimen294
\SOUL@ulht=\dimen295
)
(/usr/local/texlive/2026/texmf-dist/tex/generic/etexcmds/etexcmds.sty
Package: etexcmds 2019/12/15 v1.7 Avoid name clashes with e-TeX commands (HO)
))
(/usr/local/texlive/2026/texmf-dist/tex/latex/bold-extra/bold-extra.sty
Package: bold-extra 2001/11/13 v0.1 Use fonts from cm/mf-extra/bold
)
(/usr/local/texlive/2026/texmf-dist/tex/latex/ragged2e/ragged2e.sty
Package: ragged2e 2023/06/22 v3.6 ragged2e Package
\CenteringLeftskip=\skip71
\RaggedLeftLeftskip=\skip72
\RaggedRightLeftskip=\skip73
\CenteringRightskip=\skip74
\RaggedLeftRightskip=\skip75
\RaggedRightRightskip=\skip76
\CenteringParfillskip=\skip77
\RaggedLeftParfillskip=\skip78
\RaggedRightParfillskip=\skip79
\JustifyingParfillskip=\skip80
\CenteringParindent=\skip81
\RaggedLeftParindent=\skip82
\RaggedRightParindent=\skip83
\JustifyingParindent=\skip84
)
(/usr/local/texlive/2026/texmf-dist/tex/latex/doi/doi.sty
Package: doi 2018/09/09 handle doi numbers
)
(/usr/local/texlive/2026/texmf-dist/tex/latex/adjustbox/adjustbox.sty
Package: adjustbox 2025/02/26 v1.3c Adjusting TeX boxes (trim, clip, ...)

(/usr/local/texlive/2026/texmf-dist/tex/latex/xkeyval/xkeyval.sty
Package: xkeyval 2025/11/04 v2.10 package option processing (HA)

(/usr/local/texlive/2026/texmf-dist/tex/generic/xkeyval/xkeyval.tex
(/usr/local/texlive/2026/texmf-dist/tex/generic/xkeyval/xkvutils.tex
\XKV@toks=\toks45
\XKV@tempa@toks=\toks46
\XKV@tempb@toks=\toks47
)
\XKV@depth=\count347
File: xkeyval.tex 2014/12/03 v2.7a key=value parser (HA)
))
(/usr/local/texlive/2026/texmf-dist/tex/latex/adjustbox/adjcalc.sty
Package: adjcalc 2012/05/16 v1.1 Provides advanced setlength with multiple back
-ends (calc, etex, pgfmath)
)
(/usr/local/texlive/2026/texmf-dist/tex/latex/adjustbox/trimclip.sty
Package: trimclip 2025/02/21 v1.2a Trim and clip general TeX material

(/usr/local/texlive/2026/texmf-dist/tex/latex/collectbox/collectbox.sty
Package: collectbox 2022/10/17 v0.4c Collect macro arguments as boxes
\collectedbox=\box68
)
\tc@llx=\dimen296
\tc@lly=\dimen297
\tc@urx=\dimen298
\tc@ury=\dimen299
Package trimclip Info: Using driver 'tc-pdftex.def'.

(/usr/local/texlive/2026/texmf-dist/tex/latex/adjustbox/tc-pdftex.def
File: tc-pdftex.def 2025/02/26 v2.3 Clipping driver for pdftex
))
\adjbox@Width=\dimen300
\adjbox@Height=\dimen301
\adjbox@Depth=\dimen302
\adjbox@Totalheight=\dimen303
\adjbox@pwidth=\dimen304
\adjbox@pheight=\dimen305
\adjbox@pdepth=\dimen306
\adjbox@ptotalheight=\dimen307

(/usr/local/texlive/2026/texmf-dist/tex/latex/ifoddpage/ifoddpage.sty
Package: ifoddpage 2022/10/18 v1.2 Conditionals for odd/even page detection
\c@checkoddpage=\count348
)
(/usr/local/texlive/2026/texmf-dist/tex/latex/varwidth/varwidth.sty
Package: varwidth 2009/03/30 ver 0.92;  Variable-width minipages
\@vwid@box=\box69
\sift@deathcycles=\count349
\@vwid@loff=\dimen308
\@vwid@roff=\dimen309
)
==> First Aid for varwidth.sty applied!
) (/usr/local/texlive/2026/texmf-dist/tex/latex/tools/longtable.sty
Package: longtable 2025-10-13 v4.24 Multi-page Table package (DPC)
\LTleft=\skip85
\LTright=\skip86
\LTpre=\skip87
\LTpost=\skip88
\LTchunksize=\count350
\LTcapwidth=\dimen310
\LT@head=\box70
\LT@firsthead=\box71
\LT@foot=\box72
\LT@lastfoot=\box73
\LT@gbox=\box74
\LT@cols=\count351
\LT@rows=\count352
\c@LT@tables=\count353
\c@LT@chunks=\count354
\LT@p@ftn=\toks48
)
(/usr/local/texlive/2026/texmf-dist/tex/latex/eurosym/eurosym.sty
Package: eurosym 1998/08/06 v1.1 European currency symbol ``Euro''
\@eurobox=\box75
)
(/usr/local/texlive/2026/texmf-dist/tex/latex/upquote/upquote.sty
Package: upquote 2012/04/19 v1.3 upright-quote and grave-accent glyphs in verba
tim

(/usr/local/texlive/2026/texmf-dist/tex/latex/base/textcomp.sty
Package: textcomp 2024/04/24 v2.1b Standard LaTeX package
))
(/usr/local/texlive/2026/texmf-dist/tex/latex/caption/caption.sty
Package: caption 2023/08/05 v3.6o Customizing captions (AR)

(/usr/local/texlive/2026/texmf-dist/tex/latex/caption/caption3.sty
Package: caption3 2023/07/31 v2.4d caption3 kernel (AR)
\caption@tempdima=\dimen311
\captionmargin=\dimen312
\caption@leftmargin=\dimen313
\caption@rightmargin=\dimen314
\caption@width=\dimen315
\caption@indent=\dimen316
\caption@parindent=\dimen317
\caption@hangindent=\dimen318
Package caption Info: Standard document class detected.
)
\c@caption@flags=\count355
\c@continuedfloat=\count356
Package caption Info: hyperref package is loaded.
Package caption Info: listings package is loaded.
Package caption Info: longtable package is loaded.

(/usr/local/texlive/2026/texmf-dist/tex/latex/caption/ltcaption.sty
Package: ltcaption 2021/01/08 v1.4c longtable captions (AR)
))
(/usr/local/texlive/2026/texmf-dist/tex/latex/caption/subcaption.sty
Package: subcaption 2023/07/28 v1.6b Sub-captions (AR)
Package caption Info: New subtype `subfigure' on input line 238.
\c@subfigure=\count357
Package caption Info: New subtype `subtable' on input line 238.
\c@subtable=\count358
)
(/usr/local/texlive/2026/texmf-dist/tex/latex/tools/tabularx.sty
Package: tabularx 2023/12/11 v2.12a `tabularx' package (DPC)

(/usr/local/texlive/2026/texmf-dist/tex/latex/tools/array.sty
Package: array 2025/09/25 v2.6n Tabular extension package (FMi)
\col@sep=\dimen319
\ar@mcellbox=\box76
\extrarowheight=\dimen320
\NC@list=\toks49
\extratabsurround=\skip89
\backup@length=\skip90
\ar@cellbox=\box77
)
\TX@col@width=\dimen321
\TX@old@table=\dimen322
\TX@old@col=\dimen323
\TX@target=\dimen324
\TX@delta=\dimen325
\TX@cols=\count359
\TX@ftn=\toks50
)
(/usr/local/texlive/2026/texmf-dist/tex/latex/colortbl/colortbl.sty
Package: colortbl 2024/10/29 v1.0k Color table columns (DPC)
\everycr=\toks51
\minrowclearance=\skip91
\rownum=\count360
)
(/usr/local/texlive/2026/texmf-dist/tex/latex/graphics/rotating.sty
Package: rotating 2025/01/14 v2.16e rotated objects in LaTeX

(/usr/local/texlive/2026/texmf-dist/tex/latex/base/ifthen.sty
Package: ifthen 2024/03/16 v1.1e Standard LaTeX ifthen package (DPC)
)
\c@r@tfl@t=\count361
\rotFPtop=\skip92
\rotFPbot=\skip93
\rot@float@box=\box78
\rot@mess@toks=\toks52
) (./slashbox.sty
slashbox style by K.Yasuoka, May 1993.
\@slashboxa=\box79
\@slashboxb=\box80
\@slashboxc=\box81
\@slashboxwd=\count362
\@slashboxht=\count363
\@slashsepl=\dimen326
\@slashsepr=\dimen327
) (/usr/local/texlive/2026/texmf-dist/tex/latex/fontawesome5/fontawesome5.sty
(/usr/local/texlive/2026/texmf-dist/tex/latex/l3kernel/expl3.sty
Package: expl3 2026-01-19 L3 programming layer (loader) 

(/usr/local/texlive/2026/texmf-dist/tex/latex/l3backend/l3backend-pdftex.def
File: l3backend-pdftex.def 2025-10-09 L3 backend support: PDF output (pdfTeX)
\l__color_backend_stack_int=\count364
))
Package: fontawesome5 2022/05/02 v5.15.4 Font Awesome 5

(/usr/local/texlive/2026/texmf-dist/tex/latex/l3packages/l3keys2e/l3keys2e.sty
Package: l3keys2e 2025-10-09 LaTeX2e option processing using LaTeX3 keys
) (/usr/local/texlive/2026/texmf-dist/tex/latex/l3packages/xparse/xparse.sty
Package: xparse 2025-10-09 L3 Experimental document command parser
)
(/usr/local/texlive/2026/texmf-dist/tex/latex/fontawesome5/fontawesome5-generic
-helper.sty
Package: fontawesome5-generic-helper 2022/05/02 v5.15.4 non-uTeX helper for fon
tawesome5

(/usr/local/texlive/2026/texmf-dist/tex/latex/fontawesome5/fontawesome5-mapping
.def))) (/usr/local/texlive/2026/texmf-dist/tex/latex/hvlogos/hvlogos.sty
Package: hvlogos 2025/10/29 v. 0.16 Logos (hv)

(/usr/local/texlive/2026/texmf-dist/tex/latex/fetamont/fetamont.sty
Package: fetamont class to use the fetamont font
)
(/usr/local/texlive/2026/texmf-dist/tex/generic/hologo/hologo.sty
Package: hologo 2025-11-11 v1.16 A logo collection with bookmark support (HO)
)
(/usr/local/texlive/2026/texmf-dist/tex/latex/dantelogo/dantelogo.sty
Package: dantelogo 2015/08/12 v0.03

`dantelogo' v0.03, 2015/08/12 macro for DANTE's logo (hv)
We run (pdf)latex ... 
(/usr/local/texlive/2026/texmf-dist/tex/latex/base/fontenc.sty
Package: fontenc 2025/07/18 v2.1d Standard LaTeX package
))
(/usr/local/texlive/2026/texmf-dist/tex/latex/tools/xspace.sty
Package: xspace 2014/10/28 v1.13 Space after command names (DPC,MH)
))
(/usr/local/texlive/2026/texmf-dist/tex/latex/minted/minted.sty
Package: minted 2026/03/03 v3.8.0 Yet another Pygments shim for LaTeX

(/usr/local/texlive/2026/texmf-dist/tex/generic/catchfile/catchfile.sty
Package: catchfile 2019/12/09 v1.8 Catch the contents of a file (HO)
)
(/usr/local/texlive/2026/texmf-dist/tex/latex/fvextra/fvextra.sty
Package: fvextra 2026/02/25 v1.14.0 fvextra - extensions and patches for fancyv
rb

(/usr/local/texlive/2026/texmf-dist/tex/latex/fancyvrb/fancyvrb.sty
Package: fancyvrb 2025/07/28 4.6 verbatim text (tvz,hv)
\FV@CodeLineNo=\count365
\FV@InFile=\read4
\FV@TabBox=\box82
\c@FancyVerbLine=\count366
\FV@StepNumber=\count367
\FV@OutFile=\write4
)
(/usr/local/texlive/2026/texmf-dist/tex/latex/lineno/lineno.sty
Package: lineno 2026/03/08 line numbers on paragraphs v5.9
\linenopenalty=\count368
\output=\toks53
\linenoprevgraf=\count369
\linenumbersep=\dimen328
\linenumberwidth=\dimen329
\c@linenumber=\count370
\c@pagewiselinenumber=\count371
\c@LN@truepage=\count372
\c@internallinenumber=\count373
\c@internallinenumbers=\count374
\quotelinenumbersep=\dimen330
\bframerule=\dimen331
\bframesep=\dimen332
\bframebox=\box83
\@LN@amsmath@ams@eqpen=\count375
)
\c@FancyVerbWriteLine=\count376
\c@FancyVerbBufferLine=\count377
\c@FV@TrueTabGroupLevel=\count378
\c@FV@TrueTabCounter=\count379
\FV@TabBox@Group=\box84
\FV@bgcolorstructbox=\box85
\FV@TmpLength=\skip94
\c@FV@HighlightLinesStart=\count380
\c@FV@HighlightLinesStop=\count381
\FV@LoopCount=\count382
\FV@NCharsBox=\box86
\FV@BreakIndent=\dimen333
\FV@BreakIndentNChars=\count383
\FV@BreakSymbolSepLeft=\dimen334
\FV@BreakSymbolSepLeftNChars=\count384
\FV@BreakSymbolSepRight=\dimen335
\FV@BreakSymbolSepRightNChars=\count385
\FV@BreakSymbolIndentLeft=\dimen336
\FV@BreakSymbolIndentLeftNChars=\count386
\FV@BreakSymbolIndentRight=\dimen337
\FV@BreakSymbolIndentRightNChars=\count387
\c@FancyVerbLineBreakLast=\count388
\FV@LineBox=\box87
\FV@LineIndentBox=\box88
\c@FV@BreakBufferDepth=\count389
\FV@LineWidth=\dimen338
)
(/usr/local/texlive/2026/texmf-dist/tex/latex/latex2pydata/latex2pydata.sty
Package: latex2pydata 2026/02/25 v0.7.0 latex2pydata - write data to file in Py
thon literal format
)
(/usr/local/texlive/2026/texmf-dist/tex/latex/pgfopts/pgfopts.sty
Package: pgfopts 2014/07/10 v2.1a LaTeX package options with pgfkeys
\pgfopts@list@add@a@toks=\toks54
\pgfopts@list@add@b@toks=\toks55
)
(/usr/local/texlive/2026/texmf-dist/tex/latex/tools/shellesc.sty
Package: shellesc 2023/07/08 v1.0d unified shell escape interface for LaTeX
Package shellesc Info: Unrestricted shell escape enabled on input line 75.
)
(/usr/local/texlive/2026/texmf-dist/tex/latex/newfloat/newfloat.sty
Package: newfloat 2023/10/01 v1.2 Defining new floating environments (AR)
Package newfloat Info: Unsupported document class, or \@chapter 
(newfloat)             was already redefined by another package.
Package newfloat Info: \@chapter = macro:->\def \Hy@next {\Hy@MakeCurrentHrefAu
to {\Hy@chapapp *}\Hy@raisedlink {\hyper@anchorstart {\@currentHref }\hyper@anc
horend }}\ifnum \c@secnumdepth >\m@ne \@ifundefined {if@mainmatter}\iftrue {\cs
name if@mainmatter\endcsname }\let \Hy@next \relax \fi \fi \Hy@next \Hy@org@cha
pter .
Package newfloat Info: \Hy@org@chapter = macro:[#1]#2->\NR@gettitle {#1}\NR@cha
pter [{#1}]{#2}.
Package newfloat Info: \algocf@original@chapter = undefined.
Package newfloat Info: `rotating' package detected.
)
\c@minted@FancyVerbLineTemp=\count390
Package newfloat Info: New float `listing' with options `fileext=lol,placement=
tbp' on input line 1985.
\c@listing=\count391
\newfloat@ftype=\count392
Package newfloat Info: float type `listing'=8 on input line 1985.
Package caption Info: New subtype `sublisting' on input line 1985.
\c@sublisting=\count393
)
(/usr/local/texlive/2026/texmf-dist/tex/latex/biblatex/biblatex.sty
Package: biblatex 2025/07/10 v3.21 programmable bibliographies (PK/MW)

(/usr/local/texlive/2026/texmf-dist/tex/latex/logreq/logreq.sty
Package: logreq 2010/08/04 v1.0 xml request logger
\lrq@indent=\count394

(/usr/local/texlive/2026/texmf-dist/tex/latex/logreq/logreq.def
File: logreq.def 2010/08/04 v1.0 logreq spec v1.0
))
\c@tabx@nest=\count395
\c@listtotal=\count396
\c@listcount=\count397
\c@liststart=\count398
\c@liststop=\count399
\c@citecount=\count400
\c@citetotal=\count401
\c@multicitecount=\count402
\c@multicitetotal=\count403
\c@instcount=\count404
\c@maxnames=\count405
\c@minnames=\count406
\c@maxitems=\count407
\c@minitems=\count408
\c@citecounter=\count409
\c@maxcitecounter=\count410
\c@savedcitecounter=\count411
\c@uniquelist=\count412
\c@uniquename=\count413
\c@refsection=\count414
\c@refsegment=\count415
\c@maxextratitle=\count416
\c@maxextratitleyear=\count417
\c@maxextraname=\count418
\c@maxextradate=\count419
\c@maxextraalpha=\count420
\c@abbrvpenalty=\count421
\c@highnamepenalty=\count422
\c@lownamepenalty=\count423
\c@maxparens=\count424
\c@parenlevel=\count425
\blx@tempcnta=\count426
\blx@tempcntb=\count427
\blx@tempcntc=\count428
\c@blx@maxsection=\count429
\blx@maxsegment@0=\count430
\blx@notetype=\count431
\blx@parenlevel@text=\count432
\blx@parenlevel@foot=\count433
\blx@sectionciteorder@0=\count434
\blx@sectionciteorderinternal@0=\count435
\blx@entrysetcounter=\count436
\blx@biblioinstance=\count437
\labelnumberwidth=\skip95
\labelalphawidth=\skip96
\biblabelsep=\skip97
\bibitemsep=\skip98
\bibnamesep=\skip99
\bibinitsep=\skip100
\bibparsep=\skip101
\bibhang=\skip102
\blx@bcfin=\read5
\blx@bcfout=\write5
\blx@langwohyphens=\language92
\c@mincomprange=\count438
\c@maxcomprange=\count439
\c@mincompwidth=\count440
Package biblatex Info: Trying to load biblatex default data model...
Package biblatex Info: ... file 'blx-dm.def' found.

(/usr/local/texlive/2026/texmf-dist/tex/latex/biblatex/blx-dm.def
File: blx-dm.def 2025/07/10 v3.21 biblatex datamodel (PK/MW)
)
Package biblatex Info: Trying to load biblatex style data model...
Package biblatex Info: ... file 'ieee.dbx' not found.
Package biblatex Info: Trying to load biblatex custom data model...
Package biblatex Info: ... file 'biblatex-dm.cfg' not found.
\c@afterword=\count441
\c@savedafterword=\count442
\c@annotator=\count443
\c@savedannotator=\count444
\c@author=\count445
\c@savedauthor=\count446
\c@bookauthor=\count447
\c@savedbookauthor=\count448
\c@commentator=\count449
\c@savedcommentator=\count450
\c@editor=\count451
\c@savededitor=\count452
\c@editora=\count453
\c@savededitora=\count454
\c@editorb=\count455
\c@savededitorb=\count456
\c@editorc=\count457
\c@savededitorc=\count458
\c@foreword=\count459
\c@savedforeword=\count460
\c@holder=\count461
\c@savedholder=\count462
\c@introduction=\count463
\c@savedintroduction=\count464
\c@namea=\count465
\c@savednamea=\count466
\c@nameb=\count467
\c@savednameb=\count468
\c@namec=\count469
\c@savednamec=\count470
\c@translator=\count471
\c@savedtranslator=\count472
\c@shortauthor=\count473
\c@savedshortauthor=\count474
\c@shorteditor=\count475
\c@savedshorteditor=\count476
\c@labelname=\count477
\c@savedlabelname=\count478
\c@institution=\count479
\c@savedinstitution=\count480
\c@lista=\count481
\c@savedlista=\count482
\c@listb=\count483
\c@savedlistb=\count484
\c@listc=\count485
\c@savedlistc=\count486
\c@listd=\count487
\c@savedlistd=\count488
\c@liste=\count489
\c@savedliste=\count490
\c@listf=\count491
\c@savedlistf=\count492
\c@location=\count493
\c@savedlocation=\count494
\c@organization=\count495
\c@savedorganization=\count496
\c@origlocation=\count497
\c@savedoriglocation=\count498
\c@origpublisher=\count499
\c@savedorigpublisher=\count500
\c@publisher=\count501
\c@savedpublisher=\count502
\c@language=\count503
\c@savedlanguage=\count504
\c@origlanguage=\count505
\c@savedoriglanguage=\count506
\c@pageref=\count507
\c@savedpageref=\count508
\shorthandwidth=\skip103
\shortjournalwidth=\skip104
\shortserieswidth=\skip105
\shorttitlewidth=\skip106
\shortauthorwidth=\skip107
\shorteditorwidth=\skip108
\locallabelnumberwidth=\skip109
\locallabelalphawidth=\skip110
\localshorthandwidth=\skip111
\localshortjournalwidth=\skip112
\localshortserieswidth=\skip113
\localshorttitlewidth=\skip114
\localshortauthorwidth=\skip115
\localshorteditorwidth=\skip116
Package biblatex Info: Trying to load compatibility code...
Package biblatex Info: ... file 'blx-compat.def' found.

(/usr/local/texlive/2026/texmf-dist/tex/latex/biblatex/blx-compat.def
File: blx-compat.def 2025/07/10 v3.21 biblatex compatibility (PK/MW)
)
Package biblatex Info: Trying to load generic definitions...
Package biblatex Info: ... file 'biblatex.def' found.

(/usr/local/texlive/2026/texmf-dist/tex/latex/biblatex/biblatex.def
File: biblatex.def 2025/07/10 v3.21 biblatex compatibility (PK/MW)
\c@textcitecount=\count509
\c@textcitetotal=\count510
\c@textcitemaxnames=\count511
\c@biburlbigbreakpenalty=\count512
\c@biburlbreakpenalty=\count513
\c@biburlnumpenalty=\count514
\c@biburlucpenalty=\count515
\c@biburllcpenalty=\count516
\biburlbigskip=\muskip19
\biburlnumskip=\muskip20
\biburlucskip=\muskip21
\biburllcskip=\muskip22
\c@smartand=\count517
)
Package biblatex Info: Trying to load bibliography style 'ieee'...
Package biblatex Info: ... file 'ieee.bbx' found.

(/usr/local/texlive/2026/texmf-dist/tex/latex/biblatex-ieee/ieee.bbx
File: ieee.bbx 2025-08-01 v1.4f biblatex bibliography style
Package biblatex Info: Trying to load bibliography style 'numeric-comp'...
Package biblatex Info: ... file 'numeric-comp.bbx' found.

(/usr/local/texlive/2026/texmf-dist/tex/latex/biblatex/bbx/numeric-comp.bbx
File: numeric-comp.bbx 2025/07/10 v3.21 biblatex bibliography style (PK/MW)
Package biblatex Info: Trying to load bibliography style 'numeric'...
Package biblatex Info: ... file 'numeric.bbx' found.

(/usr/local/texlive/2026/texmf-dist/tex/latex/biblatex/bbx/numeric.bbx
File: numeric.bbx 2025/07/10 v3.21 biblatex bibliography style (PK/MW)
Package biblatex Info: Trying to load bibliography style 'standard'...
Package biblatex Info: ... file 'standard.bbx' found.

(/usr/local/texlive/2026/texmf-dist/tex/latex/biblatex/bbx/standard.bbx
File: standard.bbx 2025/07/10 v3.21 biblatex bibliography style (PK/MW)
\c@bbx:relatedcount=\count518
\c@bbx:relatedtotal=\count519
))))
Package biblatex Info: Trying to load citation style 'ieee'...
Package biblatex Info: ... file 'ieee.cbx' found.

(/usr/local/texlive/2026/texmf-dist/tex/latex/biblatex-ieee/ieee.cbx
File: ieee.cbx 2025-08-01 v1.4f biblatex citation style
Package biblatex Info: Trying to load citation style 'numeric-verb'...
Package biblatex Info: ... file 'numeric-verb.cbx' found.

(/usr/local/texlive/2026/texmf-dist/tex/latex/biblatex/cbx/numeric-verb.cbx
File: numeric-verb.cbx 2025/07/10 v3.21 biblatex citation style (PK/MW)
Package biblatex Info: Redefining '\cite'.
Package biblatex Info: Redefining '\parencite'.
Package biblatex Info: Redefining '\footcite'.
Package biblatex Info: Redefining '\footcitetext'.
Package biblatex Info: Redefining '\smartcite'.
Package biblatex Info: Redefining '\textcite'.
Package biblatex Info: Redefining '\supercite'.
Package biblatex Info: Redefining '\parencites'.
Package biblatex Info: Redefining '\smartcites'.
Package biblatex Info: Redefining '\textcites'.
))
Package biblatex Info: Trying to load configuration file...
Package biblatex Info: ... file 'biblatex.cfg' found.

(/usr/local/texlive/2026/texmf-dist/tex/latex/biblatex/biblatex.cfg
File: biblatex.cfg 
)
Package biblatex Info: Input encoding 'utf8' detected.
Package biblatex Info: Document encoding is UTF8 ....
Package biblatex Info: ... and expl3
(biblatex)             2026-01-19 L3 programming layer (loader) 
(biblatex)             is new enough (at least 2020/04/06),
(biblatex)             setting 'casechanger=expl3'.

(/usr/local/texlive/2026/texmf-dist/tex/latex/biblatex/blx-case-expl3.sty
Package: blx-case-expl3 2025/07/10 v3.21 expl3 case changing code for biblatex
))
(/usr/local/texlive/2026/texmf-dist/tex/latex/glossaries/base/glossaries.sty
Package: glossaries 2026/03/06 v5.0 (NLCT)

(/usr/local/texlive/2026/texmf-dist/tex/latex/mfirstuc/mfirstuc.sty
Package: mfirstuc 2025/04/03 v2.09 (NLCT)
\@glsmfirst=\toks56
\@glsmrest=\toks57
)
(/usr/local/texlive/2026/texmf-dist/tex/latex/xfor/xfor.sty
Package: xfor 2009/02/05 v1.05 (NLCT)
)
(/usr/local/texlive/2026/texmf-dist/tex/latex/tracklang/tracklang.sty
Package: tracklang 2025/03/11 v1.6.6 (NLCT) Track Languages

(/usr/local/texlive/2026/texmf-dist/tex/generic/tracklang/tracklang.tex)
Package tracklang Info: Tracking dialect `spanish' (language `spanish') on inpu
t line 53.
)
(/usr/local/texlive/2026/texmf-dist/tex/latex/translator/translator.sty
Package: translator 2021-05-31 v1.12d Easy translation of strings in LaTeX
)
(/usr/local/texlive/2026/texmf-dist/tex/latex/glossaries-spanish/glossaries-spa
nish.ldf
File: glossaries-spanish.ldf 2014/11/23 v1.0

(/usr/local/texlive/2026/texmf-dist/tex/latex/glossaries-spanish/glossaries-spa
nish-utf8.ldf))
(/usr/local/texlive/2026/texmf-dist/tex/latex/datatool/datatool-base.sty
Package: datatool-base 2025/12/04 v3.4.3 (NLCT)
\l__datatool_tmpa_int=\count520
\l__datatool_tmpb_int=\count521
\l__datatool_tmpc_int=\count522
\l__datatool_tmpd_int=\count523
\l__datatool_count_int=\count524
\l__datatool_tmp_datatype_int=\count525
\l__datatool_tmpa_dim=\dimen339
\l__datatool_tmpb_dim=\dimen340

(/usr/local/texlive/2026/texmf-dist/tex/latex/datatool/datatool-l3fp.def
File: datatool-l3fp.def 2025/12/04 v3.4.3 (NLCT)
)
\@dtl@toks=\toks58
\@dtl@tmpcount=\count526
\dtl@tmplength=\skip117
\l__datatool_measure_box=\box89
\dtl@sortresult=\count527

(/usr/local/texlive/2026/texmf-dist/tex/latex/datatool/datatool-utf8.ldf
File: datatool-utf8.ldf 2025/12/04 v3.4.3 (NLCT)
)
\@dtl@datatype=\count528
\c_datatool_unknown_int=\count529
\l__datatool_year_int=\count530
\l__datatool_month_int=\count531
\l__datatool_day_int=\count532
\l__datatool_hour_int=\count533
\l__datatool_minute_int=\count534
\l__datatool_second_int=\count535
\l__datatool_tzhour_int=\count536
\l__datatool_tzminute_int=\count537
\l__datatool_julian_int=\count538
\l__datatool_local_julian_int=\count539
\l__datatool_prefix_int=\count540
\l__datatool_suffix_int=\count541
\@dtl@foreach@level=\count542


Package tracklang Warning: No `datatool' support for dialect `spanish'  on inpu
t line 9924.

\dtl@codeA=\count543
\dtl@codeB=\count544
)
\gls@level=\count545
\@gls@tmpb=\toks59
\gls@tmplen=\skip118
\l__glossaries_tmpa_dim=\dimen341
\l__glossaries_tmpb_dim=\dimen342
\glskeylisttok=\toks60
\glslabeltok=\toks61
\glsshorttok=\toks62
\glslongtok=\toks63

(/usr/local/texlive/2026/texmf-dist/tex/latex/glossaries/styles/glossary-hypern
av.sty
Package: glossary-hypernav 2026/03/06 v5.0 (NLCT)
)
(/usr/local/texlive/2026/texmf-dist/tex/latex/glossaries/styles/glossary-list.s
ty
Package: glossary-list 2026/03/06 v5.0 (NLCT)
\glslistdottedwidth=\skip119
)
(/usr/local/texlive/2026/texmf-dist/tex/latex/glossaries/styles/glossary-long.s
ty
Package: glossary-long 2026/03/06 v5.0 (NLCT)
\glsdescwidth=\skip120
\glspagelistwidth=\skip121
)
(/usr/local/texlive/2026/texmf-dist/tex/latex/glossaries/styles/glossary-super.
sty
Package: glossary-super 2026/03/06 v5.0 (NLCT)
 (/usr/local/texlive/2026/texmf-dist/tex/latex/supertabular/supertabular.sty
Package: supertabular 2025/06/26 v4.2d the supertabular environment
\c@tracingst=\count546
\ST@wd=\dimen343
\ST@rightskip=\skip122
\ST@leftskip=\skip123
\ST@parfillskip=\skip124
\ST@pageleft=\dimen344
\ST@headht=\dimen345
\ST@tailht=\dimen346
\ST@pagesofar=\dimen347
\ST@pboxht=\dimen348
\ST@rowht=\dimen349
\ST@prevht=\dimen350
\ST@toadd=\dimen351
\ST@dimen=\dimen352
\ST@pbox=\box90
))
(/usr/local/texlive/2026/texmf-dist/tex/latex/glossaries/styles/glossary-tree.s
ty
Package: glossary-tree 2026/03/06 v5.0 (NLCT)
\l__glossaries_tree_max_known_level_int=\count547
\l__glossaries_tree_offset_dim=\dimen353
\l__glossaries_tree_namewidth_dim=\dimen354
\l__glossaries_tree_symbolwidth_dim=\dimen355
\l__glossaries_tree_prenamesym_width_dim=\dimen356
\l__glossaries_tree_presubnamesym_width_dim=\dimen357
\l__glossaries_tree_namewidth_padding_dim=\dimen358
\l__glossaries_tree_symbolwidth_padding_dim=\dimen359
\l__glossaries_tree_namesymbolwidth_dim=\dimen360
\l__glossaries_tree_namesymbolwidth_padding_dim=\dimen361
\l__glossaries_tree_level_int=\count548
\glstreeindent=\skip125
)) (/usr/local/texlive/2026/texmf-dist/tex/latex/base/inputenc.sty
Package: inputenc 2024/02/08 v1.3d Input encoding file
\inpenc@prehook=\toks64
\inpenc@posthook=\toks65
)

Package geometry Warning: Over-specification in `h'-direction.
    `width' (455.24408pt) is ignored.


Package geometry Warning: Over-specification in `v'-direction.
    `height' (725.54527pt) is ignored.

\ancho=\skip126

Package hyperref Warning: Option `bookmarks' has already been used,
(hyperref)                setting the option has no effect on input line 127.

Package hyperref Info: Option `bookmarksnumbered' set `true' on input line 127.

Package hyperref Info: Option `colorlinks' set `true' on input line 127.
Package hyperref Info: Option `pdffitwindow' set `true' on input line 127.
Package hyperref Info: Option `colorlinks' set `true' on input line 376.
(/usr/local/texlive/2026/texmf-dist/tex/latex/listings/lstlang1.sty
File: lstlang1.sty 2025/11/14 1.11b listings language file
)
(/usr/local/texlive/2026/texmf-dist/tex/latex/listings/lstlang2.sty
File: lstlang2.sty 2025/11/14 1.11b listings language file
)
(/usr/local/texlive/2026/texmf-dist/tex/latex/listings/lstlang3.sty
File: lstlang3.sty 2025/11/14 1.11b listings language file
)
(/usr/local/texlive/2026/texmf-dist/tex/latex/listings/lstmisc.sty
File: lstmisc.sty 2025/11/14 1.11b (Carsten Heinz)
))
(/usr/local/texlive/2026/texmf-dist/tex/latex/float/float.sty
Package: float 2001/11/08 v1.3d Float enhancements (AL)
\c@float@type=\count549
\float@exts=\toks66
\float@box=\box91
\@float@everytoks=\toks67
\@floatcapt=\box92
)
(/usr/local/texlive/2026/texmf-dist/tex/latex/multirow/multirow.sty
Package: multirow 2024/11/12 v2.9 Span multiple rows of a table
\multirow@colwidth=\skip127
\multirow@cntb=\count550
\multirow@dima=\skip128
\bigstrutjot=\dimen362
)
(/usr/local/texlive/2026/texmf-dist/tex/latex/enumitem/enumitem.sty
Package: enumitem 2025/02/06 v3.11 Customized lists
\labelindent=\skip129
\enit@outerparindent=\dimen363
\enit@toks=\toks68
\enit@inbox=\box93
\enit@count@id=\count551
\enitdp@description=\count552
)
(/usr/local/texlive/2026/texmf-dist/tex/latex/siunitx/siunitx.sty
Package: siunitx 2025-07-09 v3.4.14 A comprehensive (SI) units package
\l__siunitx_number_uncert_offset_int=\count553
\l__siunitx_number_exponent_fixed_int=\count554
\l__siunitx_number_min_decimal_int=\count555
\l__siunitx_number_min_integer_int=\count556
\l__siunitx_number_round_precision_int=\count557
\l__siunitx_number_lower_threshold_int=\count558
\l__siunitx_number_upper_threshold_int=\count559
\l__siunitx_number_group_first_int=\count560
\l__siunitx_number_group_size_int=\count561
\l__siunitx_number_group_minimum_int=\count562
\l__siunitx_angle_tmp_dim=\dimen364
\l__siunitx_angle_marker_box=\box94
\l__siunitx_angle_unit_box=\box95
\l__siunitx_compound_count_int=\count563

(/usr/local/texlive/2026/texmf-dist/tex/latex/translations/translations.sty
Package: translations 2022/02/05 v1.12 internationalization of LaTeX2e packages
 (CN)
)
\l__siunitx_table_tmp_box=\box96
\l__siunitx_table_tmp_dim=\dimen365
\l__siunitx_table_column_width_dim=\dimen366
\l__siunitx_table_integer_box=\box97
\l__siunitx_table_decimal_box=\box98
\l__siunitx_table_uncert_box=\box99
\l__siunitx_table_before_box=\box100
\l__siunitx_table_after_box=\box101
\l__siunitx_table_before_dim=\dimen367
\l__siunitx_table_carry_dim=\dimen368
\l__siunitx_unit_tmp_int=\count564
\l__siunitx_unit_position_int=\count565
\l__siunitx_unit_total_int=\count566
)
(/usr/local/texlive/2026/texmf-dist/tex/latex/booktabs/booktabs.sty
Package: booktabs 2020/01/12 v1.61803398 Publication quality tables
\heavyrulewidth=\dimen369
\lightrulewidth=\dimen370
\cmidrulewidth=\dimen371
\belowrulesep=\dimen372
\belowbottomsep=\dimen373
\aboverulesep=\dimen374
\abovetopsep=\dimen375
\cmidrulesep=\dimen376
\cmidrulekern=\dimen377
\defaultaddspace=\dimen378
\@cmidla=\count567
\@cmidlb=\count568
\@aboverulesep=\dimen379
\@belowrulesep=\dimen380
\@thisruleclass=\count569
\@lastruleclass=\count570
\@thisrulewidth=\dimen381
)
(/usr/local/texlive/2026/texmf-dist/tex/latex/makecell/makecell.sty
Package: makecell 2009/08/03 V0.1e Managing of Tab Column Heads and Cells
\rotheadsize=\dimen382
\c@nlinenum=\count571
\TeXr@lab=\toks69
)
(/usr/local/texlive/2026/texmf-dist/tex/latex/capt-of/capt-of.sty
Package: capt-of 2009/12/29 v0.2 standard captions outside of floats
)
(/usr/local/texlive/2026/texmf-dist/tex/latex/placeins/placeins.sty
Package: placeins 2005/04/18  v 2.2
)
(/usr/local/texlive/2026/texmf-dist/tex/latex/base/flafter.sty
Package: flafter 2025/08/22 v1.4z Standard LaTeX floats after reference (FMi)
Applying: [2025/06/01] float order in 2-column on input line 49.
Already applied: [2015/01/01] float order in 2-column on input line 152.
Already applied: [0000/00/00] float order in 2-column on input line 254.
)
(./tex/acronimos-terminos.tex)

Package biblatex Warning: Load 'inputenc' before biblatex.


Package biblatex Warning: 'babel/polyglossia' detected but 'csquotes' missing.
(biblatex)                Loading 'csquotes' recommended.

\@quotelevel=\count572
\@quotereset=\count573
(./main.aux
LaTeX Info: Redefining \. on input line 18.
LaTeX Info: Redefining \% on input line 18.
Package babel Info: 'spanish' activates 'spanish' shorthands.
(babel)             Reported on input line 18.
\g__glossaries_gls_ref_acronym_int=\count574
\g__glossaries_gls_ref_main_int=\count575
)
\openout1 = `main.aux'.

LaTeX Font Info:    Checking defaults for OML/cmm/m/it on input line 67.
LaTeX Font Info:    ... okay on input line 67.
LaTeX Font Info:    Checking defaults for OMS/cmsy/m/n on input line 67.
LaTeX Font Info:    ... okay on input line 67.
LaTeX Font Info:    Checking defaults for OT1/cmr/m/n on input line 67.
LaTeX Font Info:    ... okay on input line 67.
LaTeX Font Info:    Checking defaults for T1/cmr/m/n on input line 67.
LaTeX Font Info:    ... okay on input line 67.
LaTeX Font Info:    Checking defaults for TS1/cmr/m/n on input line 67.
LaTeX Font Info:    ... okay on input line 67.
LaTeX Font Info:    Checking defaults for OMX/cmex/m/n on input line 67.
LaTeX Font Info:    ... okay on input line 67.
LaTeX Font Info:    Checking defaults for U/cmr/m/n on input line 67.
LaTeX Font Info:    ... okay on input line 67.
LaTeX Font Info:    Checking defaults for PD1/pdf/m/n on input line 67.
LaTeX Font Info:    ... okay on input line 67.
LaTeX Font Info:    Checking defaults for PU/pdf/m/n on input line 67.
LaTeX Font Info:    ... okay on input line 67.
LaTeX Info: Redefining \. on input line 67.
LaTeX Info: Redefining \% on input line 67.
\c@lstlisting=\count576
Package hyperref Info: Link coloring ON on input line 67.
 (./main.out) (./main.out)
\@outlinefile=\write6
\openout6 = `main.out'.


(/usr/local/texlive/2026/texmf-dist/tex/context/base/mkii/supp-pdf.mkii
[Loading MPS to PDF converter (version 2006.09.02).]
\scratchcounter=\count577
\scratchdimen=\dimen383
\scratchbox=\box102
\nofMPsegments=\count578
\nofMParguments=\count579
\everyMPshowfont=\toks70
\MPscratchCnt=\count580
\MPscratchDim=\dimen384
\MPnumerator=\count581
\makeMPintoPDFobject=\count582
\everyMPtoPDFconversion=\toks71
) (/usr/local/texlive/2026/texmf-dist/tex/latex/epstopdf-pkg/epstopdf-base.sty
Package: epstopdf-base 2020-01-24 v2.11 Base part for package epstopdf
Package epstopdf-base Info: Redefining graphics rule for `.eps' on input line 4
85.

(/usr/local/texlive/2026/texmf-dist/tex/latex/latexconfig/epstopdf-sys.cfg
File: epstopdf-sys.cfg 2010/07/13 v1.3 Configuration of (r)epstopdf for TeX Liv
e
))
*geometry* driver: auto-detecting
*geometry* detected driver: pdftex
*geometry* verbose mode - [ preamble ] result:
* driver: pdftex
* paper: a4paper
* layout: <same size as paper>
* layoutoffset:(h,v)=(0.0pt,0.0pt)
* modes: twoside 
* h-part:(L,W,R)=(71.13188pt, 455.24411pt, 71.13188pt)
* v-part:(T,H,B)=(71.13188pt, 717.00946pt, 56.9055pt)
* \paperwidth=597.50787pt
* \paperheight=845.04684pt
* \textwidth=455.24411pt
* \textheight=717.00946pt
* \oddsidemargin=-1.1381pt
* \evensidemargin=-1.1381pt
* \topmargin=-33.0119pt
* \headheight=12.0pt
* \headsep=19.8738pt
* \topskip=12.0pt
* \footskip=30.0pt
* \marginparwidth=88.0pt
* \marginparsep=7.0pt
* \columnsep=10.0pt
* \skip\footins=10.8pt plus 4.0pt minus 2.0pt
* \hoffset=0.0pt
* \voffset=0.0pt
* \mag=1000
* \@twocolumnfalse
* \@twosidetrue
* \@mparswitchtrue
* \@reversemarginfalse
* (1in=72.27pt=25.4mm, 1cm=28.453pt)

Package caption Info: Begin \AtBeginDocument code.
Package caption Info: float package is loaded.
Package caption Info: rotating package is loaded.
Package caption Info: supertabular package is loaded.
Package caption Info: End \AtBeginDocument code.
Package newfloat Info: Trying Plan B...
Package newfloat Info: `float' package detected.
Package biblatex Info: Trying to load language 'spanish'...
Package biblatex Info: ... file 'spanish.lbx' found.
(/usr/local/texlive/2026/texmf-dist/tex/latex/biblatex/lbx/spanish.lbx
File: spanish.lbx 2025/07/10 v3.21 biblatex localization (PK/MW)
)
Package biblatex Info: Input encoding 'utf8' detected.
Package biblatex Info: Automatic encoding selection.
(biblatex)             Assuming data encoding 'utf8'.
\openout5 = `main.bcf'.

Package biblatex Info: Trying to load bibliographic data...
Package biblatex Info: ... file 'main.bbl' found.

(./main.bbl)
Package biblatex Info: Reference section=0 on input line 67.
Package biblatex Info: Reference segment=0 on input line 67.

(/usr/local/texlive/2026/texmf-dist/tex/latex/translations/translations-basic-d
ictionary-spanish.trsl
File: translations-basic-dictionary-spanish.trsl (spanish translation file `tra
nslations-basic-dictionary')
)
Package translations Info: loading dictionary `translations-basic-dictionary' f
or `spanish'. on input line 67.
<figs/ETSE.jpg, id=191, 669.50125pt x 139.52126pt>
File: figs/ETSE.jpg Graphic file (type jpg)
<use figs/ETSE.jpg>
Package pdftex.def Info: figs/ETSE.jpg  used on input line 70.
(pdftex.def)             Requested size: 318.66946pt x 66.41165pt.
LaTeX Font Info:    Trying to load font information for U+msa on input line 70.


(/usr/local/texlive/2026/texmf-dist/tex/latex/amsfonts/umsa.fd
File: umsa.fd 2013/01/14 v3.01 AMS symbols A
)
LaTeX Font Info:    Trying to load font information for U+msb on input line 70.


(/usr/local/texlive/2026/texmf-dist/tex/latex/amsfonts/umsb.fd
File: umsb.fd 2013/01/14 v3.01 AMS symbols B
)
<figs/escudo_logo_UV.jpg, id=192, 512.91624pt x 397.485pt>
File: figs/escudo_logo_UV.jpg Graphic file (type jpg)
<use figs/escudo_logo_UV.jpg>
Package pdftex.def Info: figs/escudo_logo_UV.jpg  used on input line 70.
(pdftex.def)             Requested size: 182.09485pt x 141.11119pt.
 [1

{/usr/local/texlive/2026/texmf-var/fonts/map/pdftex/updmap/pdftex.map}{/usr/loc
al/texlive/2026/texmf-dist/fonts/enc/dvips/cm-super/cm-super-t1.enc} <./figs/ET
SE.jpg> <./figs/escudo_logo_UV.jpg>] [2

]
<figs/logo-contraportada.png, id=204, 722.7pt x 100.375pt>
File: figs/logo-contraportada.png Graphic file (type png)
<use figs/logo-contraportada.png>
Package pdftex.def Info: figs/logo-contraportada.png  used on input line 72.
(pdftex.def)             Requested size: 455.24408pt x 63.22891pt.
 [3 <./figs/logo-contraportada.png>] [4

]

Package glossaries Warning: \cgls is defaulting to \gls since you haven't enabl
ed entry counting on input line 74.

[5] [6

] [7] [8

] [9] [10

] [11{/usr/local/texlive/2026/texmf-dist/fonts/enc/dvips/cm-super/cm-super-ts1.
enc}] [12

] [13] [14

] (./main.toc
LaTeX Info: Redefining \sptext on input line 1.
LaTeX Info: Redefining \. on input line 1.
LaTeX Info: Redefining \% on input line 1.
 [15

])
\tf@toc=\write7
\openout7 = `main.toc'.

 [16] (./main.lof
LaTeX Info: Redefining \sptext on input line 1.
LaTeX Info: Redefining \. on input line 1.
LaTeX Info: Redefining \% on input line 1.

Overfull \hbox (19.86926pt too wide) in paragraph at lines 19--19
 [][] [][][]\T1/cmr/m/n/12 Listado de he-rra-mien-tas MCP in-te-gra-das y dis-p
o-ni-bles en la TUI de LocalMind- 
 []


Underfull \vbox (badness 10000) has occurred while \output is active []


Underfull \vbox (badness 10000) has occurred while \output is active []

 [17


])
\tf@lof=\write8
\openout8 = `main.lof'.


[18] (./main.lot
LaTeX Info: Redefining \sptext on input line 1.
LaTeX Info: Redefining \. on input line 1.
LaTeX Info: Redefining \% on input line 1.
)
\tf@lot=\write9
\openout9 = `main.lot'.

 [19


] [20

] (./main.lol)
\tf@lol=\write10
\openout10 = `main.lol'.

 [21

]

Package fancyhdr Warning: \headheight is too small (12.0pt): 
(fancyhdr)                Make it at least 14.49998pt, for example:
(fancyhdr)                \setlength{\headheight}{14.49998pt}.
(fancyhdr)                You might also make \topmargin smaller:
(fancyhdr)                \addtolength{\topmargin}{-2.49998pt}.

[22

]
Cap\'{\i }tulo 1.
Package newfloat Info: Setting Plan B file extension to `lof'... on input line 
126.
(./tex/introduccion.tex [23]
<figs/agenteEntornoBucle.png, id=514, 341.275pt x 443.6575pt>
File: figs/agenteEntornoBucle.png Graphic file (type png)
<use figs/agenteEntornoBucle.png>
Package pdftex.def Info: figs/agenteEntornoBucle.png  used on input line 17.
(pdftex.def)             Requested size: 295.90588pt x 384.69943pt.
<figs/bucleReAct.png, id=524, 361.35pt x 629.35126pt>
File: figs/bucleReAct.png Graphic file (type png)
<use figs/bucleReAct.png>
Package pdftex.def Info: figs/bucleReAct.png  used on input line 28.
(pdftex.def)             Requested size: 295.90588pt x 515.37035pt.


Package fancyhdr Warning: \headheight is too small (12.0pt): 
(fancyhdr)                Make it at least 14.49998pt, for example:
(fancyhdr)                \setlength{\headheight}{14.49998pt}.
(fancyhdr)                You might also make \topmargin smaller:
(fancyhdr)                \addtolength{\topmargin}{-2.49998pt}.

[24 <./figs/agenteEntornoBucle.png>]

Package fancyhdr Warning: \headheight is too small (12.0pt): 
(fancyhdr)                Make it at least 14.49998pt, for example:
(fancyhdr)                \setlength{\headheight}{14.49998pt}.
(fancyhdr)                You might also make \topmargin smaller:
(fancyhdr)                \addtolength{\topmargin}{-2.49998pt}.

[25 <./figs/bucleReAct.png>]

Package fancyhdr Warning: \headheight is too small (12.0pt): 
(fancyhdr)                Make it at least 14.49998pt, for example:
(fancyhdr)                \setlength{\headheight}{14.49998pt}.
(fancyhdr)                You might also make \topmargin smaller:
(fancyhdr)                \addtolength{\topmargin}{-2.49998pt}.

[26]
<figs/localVsCloud.png, id=580, 569.12625pt x 581.17125pt>
File: figs/localVsCloud.png Graphic file (type png)
<use figs/localVsCloud.png>
Package pdftex.def Info: figs/localVsCloud.png  used on input line 55.
(pdftex.def)             Requested size: 295.90588pt x 302.18419pt.


Package fancyhdr Warning: \headheight is too small (12.0pt): 
(fancyhdr)                Make it at least 14.49998pt, for example:
(fancyhdr)                \setlength{\headheight}{14.49998pt}.
(fancyhdr)                You might also make \topmargin smaller:
(fancyhdr)                \addtolength{\topmargin}{-2.49998pt}.

[27 <./figs/localVsCloud.png>]

Package fancyhdr Warning: \headheight is too small (12.0pt): 
(fancyhdr)                Make it at least 14.49998pt, for example:
(fancyhdr)                \setlength{\headheight}{14.49998pt}.
(fancyhdr)                You might also make \topmargin smaller:
(fancyhdr)                \addtolength{\topmargin}{-2.49998pt}.

[28]
<figs/pipelineRag.png, id=635, 534.99875pt x 929.4725pt>
File: figs/pipelineRag.png Graphic file (type png)
<use figs/pipelineRag.png>
Package pdftex.def Info: figs/pipelineRag.png  used on input line 80.
(pdftex.def)             Requested size: 295.90588pt x 514.1047pt.


Package fancyhdr Warning: \headheight is too small (12.0pt): 
(fancyhdr)                Make it at least 14.49998pt, for example:
(fancyhdr)                \setlength{\headheight}{14.49998pt}.
(fancyhdr)                You might also make \topmargin smaller:
(fancyhdr)                \addtolength{\topmargin}{-2.49998pt}.

[29 <./figs/pipelineRag.png>]
Underfull \vbox (badness 10000) has occurred while \output is active []


Underfull \vbox (badness 10000) has occurred while \output is active []



Package fancyhdr Warning: \headheight is too small (12.0pt): 
(fancyhdr)                Make it at least 14.49998pt, for example:
(fancyhdr)                \setlength{\headheight}{14.49998pt}.
(fancyhdr)                You might also make \topmargin smaller:
(fancyhdr)                \addtolength{\topmargin}{-2.49998pt}.

[30]

Package fancyhdr Warning: \headheight is too small (12.0pt): 
(fancyhdr)                Make it at least 14.49998pt, for example:
(fancyhdr)                \setlength{\headheight}{14.49998pt}.
(fancyhdr)                You might also make \topmargin smaller:
(fancyhdr)                \addtolength{\topmargin}{-2.49998pt}.

[31]

Package fancyhdr Warning: \headheight is too small (12.0pt): 
(fancyhdr)                Make it at least 14.49998pt, for example:
(fancyhdr)                \setlength{\headheight}{14.49998pt}.
(fancyhdr)                You might also make \topmargin smaller:
(fancyhdr)                \addtolength{\topmargin}{-2.49998pt}.

[32])

Package fancyhdr Warning: \headheight is too small (12.0pt): 
(fancyhdr)                Make it at least 14.49998pt, for example:
(fancyhdr)                \setlength{\headheight}{14.49998pt}.
(fancyhdr)                You might also make \topmargin smaller:
(fancyhdr)                \addtolength{\topmargin}{-2.49998pt}.

[33]

Package fancyhdr Warning: \headheight is too small (12.0pt): 
(fancyhdr)                Make it at least 14.49998pt, for example:
(fancyhdr)                \setlength{\headheight}{14.49998pt}.
(fancyhdr)                You might also make \topmargin smaller:
(fancyhdr)                \addtolength{\topmargin}{-2.49998pt}.

[34

]
Cap\'{\i }tulo 2.
(./tex/estado_arte.tex
Underfull \hbox (badness 2932) in paragraph at lines 24--24
[]|\T1/cmr/m/n/12 Método de in-ves-ti-ga-
 []


Underfull \hbox (badness 2735) in paragraph at lines 24--24
[]|\T1/cmr/m/n/12 No eva-lúa clien-te
 []


Underfull \hbox (badness 7704) in paragraph at lines 24--24
[]|\T1/cmr/m/n/12 Tokens de [][][]Re-fle-xión[][] (re-cu-pe-
 []


Underfull \hbox (badness 10000) in paragraph at lines 24--24
[]|\T1/cmr/m/n/12 Local (an-fi-trión)
 []

[35]

Package fancyhdr Warning: \headheight is too small (12.0pt): 
(fancyhdr)                Make it at least 14.49998pt, for example:
(fancyhdr)                \setlength{\headheight}{14.49998pt}.
(fancyhdr)                You might also make \topmargin smaller:
(fancyhdr)                \addtolength{\topmargin}{-2.49998pt}.

[36]

pdfTeX warning: pdflatex (file ./figs/think-anywhere-razonamiento.pdf): PDF inc
lusion: found PDF version <2.0>, but at most version <1.7> allowed
<figs/think-anywhere-razonamiento.pdf, id=913, 654.93683pt x 872.45952pt>
File: figs/think-anywhere-razonamiento.pdf Graphic file (type pdf)
<use figs/think-anywhere-razonamiento.pdf>
Package pdftex.def Info: figs/think-anywhere-razonamiento.pdf  used on input li
ne 40.
(pdftex.def)             Requested size: 218.51521pt x 291.09425pt.
<figs/paper1.1.png, id=914, 310.15875pt x 58.2175pt>
File: figs/paper1.1.png Graphic file (type png)
<use figs/paper1.1.png>
Package pdftex.def Info: figs/paper1.1.png  used on input line 41.
(pdftex.def)             Requested size: 295.90588pt x 55.5417pt.
<figs/paper1.2.png, id=916, 1056.94875pt x 365.365pt>
File: figs/paper1.2.png Graphic file (type png)
<use figs/paper1.2.png>
Package pdftex.def Info: figs/paper1.2.png  used on input line 42.
(pdftex.def)             Requested size: 418.82375pt x 144.77753pt.

Underfull \vbox (badness 1048) has occurred while \output is active []


Underfull \vbox (badness 1048) has occurred while \output is active []



Package fancyhdr Warning: \headheight is too small (12.0pt): 
(fancyhdr)                Make it at least 14.49998pt, for example:
(fancyhdr)                \setlength{\headheight}{14.49998pt}.
(fancyhdr)                You might also make \topmargin smaller:
(fancyhdr)                \addtolength{\topmargin}{-2.49998pt}.

[37 <./figs/think-anywhere-razonamiento.pdf> <./figs/paper1.1.png> <./figs/pape
r1.2.png>]
<figs/paper2.1.png, id=947, 770.88pt x 1370.11874pt>
File: figs/paper2.1.png Graphic file (type png)
<use figs/paper2.1.png>
Package pdftex.def Info: figs/paper2.1.png  used on input line 57.
(pdftex.def)             Requested size: 141.18729pt x 250.95769pt.
<figs/paper2.2.jpg, id=948, 1084.05pt x 1927.2pt>
File: figs/paper2.2.jpg Graphic file (type jpg)
<use figs/paper2.2.jpg>
Package pdftex.def Info: figs/paper2.2.jpg  used on input line 58.
(pdftex.def)             Requested size: 141.16302pt x 250.95769pt.
<figs/paper2.3.png, id=949, 1084.05pt x 2154.0475pt>
File: figs/paper2.3.png Graphic file (type png)
<use figs/paper2.3.png>
Package pdftex.def Info: figs/paper2.3.png  used on input line 59.
(pdftex.def)             Requested size: 119.0639pt x 236.61443pt.


Package fancyhdr Warning: \headheight is too small (12.0pt): 
(fancyhdr)                Make it at least 14.49998pt, for example:
(fancyhdr)                \setlength{\headheight}{14.49998pt}.
(fancyhdr)                You might also make \topmargin smaller:
(fancyhdr)                \addtolength{\topmargin}{-2.49998pt}.

[38]

Package fancyhdr Warning: \headheight is too small (12.0pt): 
(fancyhdr)                Make it at least 14.49998pt, for example:
(fancyhdr)                \setlength{\headheight}{14.49998pt}.
(fancyhdr)                You might also make \topmargin smaller:
(fancyhdr)                \addtolength{\topmargin}{-2.49998pt}.

[39 <./figs/paper2.1.png> <./figs/paper2.2.jpg> <./figs/paper2.3.png>]
<figs/tinyagent-arquitectura.png, id=985, 1022.82124pt x 1938.24126pt>
File: figs/tinyagent-arquitectura.png Graphic file (type png)
<use figs/tinyagent-arquitectura.png>
Package pdftex.def Info: figs/tinyagent-arquitectura.png  used on input line 76
.
(pdftex.def)             Requested size: 209.41534pt x 396.83925pt.
<figs/paper3.1.png, id=986, 999.735pt x 249.03038pt>
File: figs/paper3.1.png Graphic file (type png)
<use figs/paper3.1.png>
Package pdftex.def Info: figs/paper3.1.png  used on input line 77.
(pdftex.def)             Requested size: 373.3035pt x 92.98717pt.


Package fancyhdr Warning: \headheight is too small (12.0pt): 
(fancyhdr)                Make it at least 14.49998pt, for example:
(fancyhdr)                \setlength{\headheight}{14.49998pt}.
(fancyhdr)                You might also make \topmargin smaller:
(fancyhdr)                \addtolength{\topmargin}{-2.49998pt}.

[40 <./figs/tinyagent-arquitectura.png (PNG copy)> <./figs/paper3.1.png>]
<figs/paper4.1.png, id=1010, 8981.555pt x 4751.7525pt>
File: figs/paper4.1.png Graphic file (type png)
<use figs/paper4.1.png>
Package pdftex.def Info: figs/paper4.1.png  used on input line 92.
(pdftex.def)             Requested size: 432.48051pt x 228.75583pt.

Underfull \vbox (badness 10000) has occurred while \output is active []


Underfull \vbox (badness 10000) has occurred while \output is active []



Package fancyhdr Warning: \headheight is too small (12.0pt): 
(fancyhdr)                Make it at least 14.49998pt, for example:
(fancyhdr)                \setlength{\headheight}{14.49998pt}.
(fancyhdr)                You might also make \topmargin smaller:
(fancyhdr)                \addtolength{\topmargin}{-2.49998pt}.

[41 <./figs/paper4.1.png>]

Package fancyhdr Warning: \headheight is too small (12.0pt): 
(fancyhdr)                Make it at least 14.49998pt, for example:
(fancyhdr)                \setlength{\headheight}{14.49998pt}.
(fancyhdr)                You might also make \topmargin smaller:
(fancyhdr)                \addtolength{\topmargin}{-2.49998pt}.

[42]

Package fancyhdr Warning: \headheight is too small (12.0pt): 
(fancyhdr)                Make it at least 14.49998pt, for example:
(fancyhdr)                \setlength{\headheight}{14.49998pt}.
(fancyhdr)                You might also make \topmargin smaller:
(fancyhdr)                \addtolength{\topmargin}{-2.49998pt}.

[43]
<figs/PodmanDocker.png, id=1125, 569.12625pt x 348.30125pt>
File: figs/PodmanDocker.png Graphic file (type png)
<use figs/PodmanDocker.png>
Package pdftex.def Info: figs/PodmanDocker.png  used on input line 164.
(pdftex.def)             Requested size: 355.08984pt x 217.32103pt.
<figs/LXCDocker.png, id=1126, 1003.75pt x 641.39626pt>
File: figs/LXCDocker.png Graphic file (type png)
<use figs/LXCDocker.png>
Package pdftex.def Info: figs/LXCDocker.png  used on input line 171.
(pdftex.def)             Requested size: 355.08984pt x 226.89963pt.
<figs/comp_containerVSdocker1.jpeg, id=1127, 1334.9875pt x 714.67pt>
File: figs/comp_containerVSdocker1.jpeg Graphic file (type jpg)
<use figs/comp_containerVSdocker1.jpeg>
Package pdftex.def Info: figs/comp_containerVSdocker1.jpeg  used on input line 
178.
(pdftex.def)             Requested size: 355.08984pt x 190.08456pt.
<figs/comp_containerVSdocker2.jpeg, id=1128, 1541.76pt x 1027.84pt>
File: figs/comp_containerVSdocker2.jpeg Graphic file (type jpg)
<use figs/comp_containerVSdocker2.jpeg>
Package pdftex.def Info: figs/comp_containerVSdocker2.jpeg  used on input line 
185.
(pdftex.def)             Requested size: 355.08984pt x 236.7119pt.


Package fancyhdr Warning: \headheight is too small (12.0pt): 
(fancyhdr)                Make it at least 14.49998pt, for example:
(fancyhdr)                \setlength{\headheight}{14.49998pt}.
(fancyhdr)                You might also make \topmargin smaller:
(fancyhdr)                \addtolength{\topmargin}{-2.49998pt}.

[44]

Package fancyhdr Warning: \headheight is too small (12.0pt): 
(fancyhdr)                Make it at least 14.49998pt, for example:
(fancyhdr)                \setlength{\headheight}{14.49998pt}.
(fancyhdr)                You might also make \topmargin smaller:
(fancyhdr)                \addtolength{\topmargin}{-2.49998pt}.

[45 <./figs/PodmanDocker.png> <./figs/LXCDocker.png>]

Package fancyhdr Warning: \headheight is too small (12.0pt): 
(fancyhdr)                Make it at least 14.49998pt, for example:
(fancyhdr)                \setlength{\headheight}{14.49998pt}.
(fancyhdr)                You might also make \topmargin smaller:
(fancyhdr)                \addtolength{\topmargin}{-2.49998pt}.

[46 <./figs/comp_containerVSdocker1.jpeg> <./figs/comp_containerVSdocker2.jpeg>
]
Underfull \vbox (badness 2158) has occurred while \output is active []


Underfull \vbox (badness 2158) has occurred while \output is active []



Package fancyhdr Warning: \headheight is too small (12.0pt): 
(fancyhdr)                Make it at least 14.49998pt, for example:
(fancyhdr)                \setlength{\headheight}{14.49998pt}.
(fancyhdr)                You might also make \topmargin smaller:
(fancyhdr)                \addtolength{\topmargin}{-2.49998pt}.

[47]
<figs/nanobot_arch.png, id=1279, 1616.0375pt x 628.3475pt>
File: figs/nanobot_arch.png Graphic file (type png)
<use figs/nanobot_arch.png>
Package pdftex.def Info: figs/nanobot_arch.png  used on input line 246.
(pdftex.def)             Requested size: 386.96027pt x 150.45172pt.


Package fancyhdr Warning: \headheight is too small (12.0pt): 
(fancyhdr)                Make it at least 14.49998pt, for example:
(fancyhdr)                \setlength{\headheight}{14.49998pt}.
(fancyhdr)                You might also make \topmargin smaller:
(fancyhdr)                \addtolength{\topmargin}{-2.49998pt}.

[48 <./figs/nanobot_arch.png>]
<figs/tui_gentle-ai.png, id=1339, 901.3675pt x 663.47874pt>
File: figs/tui_gentle-ai.png Graphic file (type png)
<use figs/tui_gentle-ai.png>
Package pdftex.def Info: figs/tui_gentle-ai.png  used on input line 271.
(pdftex.def)             Requested size: 218.51521pt x 160.8377pt.
<figs/tui_localmind-ai.png, id=1342, 908.39375pt x 689.57625pt>
File: figs/tui_localmind-ai.png Graphic file (type png)
<use figs/tui_localmind-ai.png>
Package pdftex.def Info: figs/tui_localmind-ai.png  used on input line 278.
(pdftex.def)             Requested size: 218.51521pt x 165.86995pt.


Package fancyhdr Warning: \headheight is too small (12.0pt): 
(fancyhdr)                Make it at least 14.49998pt, for example:
(fancyhdr)                \setlength{\headheight}{14.49998pt}.
(fancyhdr)                You might also make \topmargin smaller:
(fancyhdr)                \addtolength{\topmargin}{-2.49998pt}.

[49 <./figs/tui_gentle-ai.png> <./figs/tui_localmind-ai.png>]
<figs/selector-modelos-ia1.png, id=1388, 908.39375pt x 576.1525pt>
File: figs/selector-modelos-ia1.png Graphic file (type png)
<use figs/selector-modelos-ia1.png>
Package pdftex.def Info: figs/selector-modelos-ia1.png  used on input line 304.

(pdftex.def)             Requested size: 218.51521pt x 138.58711pt.
<figs/selector-modelos-ia2.png, id=1389, 908.39375pt x 619.31375pt>
File: figs/selector-modelos-ia2.png Graphic file (type png)
<use figs/selector-modelos-ia2.png>
Package pdftex.def Info: figs/selector-modelos-ia2.png  used on input line 311.

(pdftex.def)             Requested size: 218.51521pt x 148.96909pt.


Package fancyhdr Warning: \headheight is too small (12.0pt): 
(fancyhdr)                Make it at least 14.49998pt, for example:
(fancyhdr)                \setlength{\headheight}{14.49998pt}.
(fancyhdr)                You might also make \topmargin smaller:
(fancyhdr)                \addtolength{\topmargin}{-2.49998pt}.

[50 <./figs/selector-modelos-ia1.png> <./figs/selector-modelos-ia2.png>]
<figs/listado-herramientas-localmind.png, id=1430, 908.39375pt x 605.26125pt>
File: figs/listado-herramientas-localmind.png Graphic file (type png)
<use figs/listado-herramientas-localmind.png>
Package pdftex.def Info: figs/listado-herramientas-localmind.png  used on input
 line 333.
(pdftex.def)             Requested size: 373.3035pt x 248.73131pt.


Package fancyhdr Warning: \headheight is too small (12.0pt): 
(fancyhdr)                Make it at least 14.49998pt, for example:
(fancyhdr)                \setlength{\headheight}{14.49998pt}.
(fancyhdr)                You might also make \topmargin smaller:
(fancyhdr)                \addtolength{\topmargin}{-2.49998pt}.

[51 <./figs/listado-herramientas-localmind.png>]
<figs/visual_mactex_compiler.png, id=1462, 923.45pt x 773.89125pt>
File: figs/visual_mactex_compiler.png Graphic file (type png)
<use figs/visual_mactex_compiler.png>
Package pdftex.def Info: figs/visual_mactex_compiler.png  used on input line 35
0.
(pdftex.def)             Requested size: 364.19667pt x 305.20544pt.
)

Package fancyhdr Warning: \headheight is too small (12.0pt): 
(fancyhdr)                Make it at least 14.49998pt, for example:
(fancyhdr)                \setlength{\headheight}{14.49998pt}.
(fancyhdr)                You might also make \topmargin smaller:
(fancyhdr)                \addtolength{\topmargin}{-2.49998pt}.

[52 <./figs/visual_mactex_compiler.png>]

Package fancyhdr Warning: \headheight is too small (12.0pt): 
(fancyhdr)                Make it at least 14.49998pt, for example:
(fancyhdr)                \setlength{\headheight}{14.49998pt}.
(fancyhdr)                You might also make \topmargin smaller:
(fancyhdr)                \addtolength{\topmargin}{-2.49998pt}.

[53]

Package fancyhdr Warning: \headheight is too small (12.0pt): 
(fancyhdr)                Make it at least 14.49998pt, for example:
(fancyhdr)                \setlength{\headheight}{14.49998pt}.
(fancyhdr)                You might also make \topmargin smaller:
(fancyhdr)                \addtolength{\topmargin}{-2.49998pt}.

[54

]
Cap\'{\i }tulo 3.
(./tex/requisitos.tex [55]

Package fancyhdr Warning: \headheight is too small (12.0pt): 
(fancyhdr)                Make it at least 14.49998pt, for example:
(fancyhdr)                \setlength{\headheight}{14.49998pt}.
(fancyhdr)                You might also make \topmargin smaller:
(fancyhdr)                \addtolength{\topmargin}{-2.49998pt}.

[56]

Package fancyhdr Warning: \headheight is too small (12.0pt): 
(fancyhdr)                Make it at least 14.49998pt, for example:
(fancyhdr)                \setlength{\headheight}{14.49998pt}.
(fancyhdr)                You might also make \topmargin smaller:
(fancyhdr)                \addtolength{\topmargin}{-2.49998pt}.

[57]
<figs/localmind-overview.pdf, id=1671, 455.2441pt x 256.0748pt>
File: figs/localmind-overview.pdf Graphic file (type pdf)
<use figs/localmind-overview.pdf>
Package pdftex.def Info: figs/localmind-overview.pdf  used on input line 55.
(pdftex.def)             Requested size: 432.48051pt x 243.28139pt.


Package fancyhdr Warning: \headheight is too small (12.0pt): 
(fancyhdr)                Make it at least 14.49998pt, for example:
(fancyhdr)                \setlength{\headheight}{14.49998pt}.
(fancyhdr)                You might also make \topmargin smaller:
(fancyhdr)                \addtolength{\topmargin}{-2.49998pt}.

[58 <./figs/localmind-overview.pdf>]
<figs/localmind-runtime.pdf, id=1736, 455.2441pt x 256.0748pt>
File: figs/localmind-runtime.pdf Graphic file (type pdf)
<use figs/localmind-runtime.pdf>
Package pdftex.def Info: figs/localmind-runtime.pdf  used on input line 66.
(pdftex.def)             Requested size: 432.48051pt x 243.28139pt.
<figs/localmind-interaction.pdf, id=1754, 455.2441pt x 256.0748pt>
File: figs/localmind-interaction.pdf Graphic file (type pdf)
<use figs/localmind-interaction.pdf>
Package pdftex.def Info: figs/localmind-interaction.pdf  used on input line 75.

(pdftex.def)             Requested size: 432.48051pt x 243.28139pt.


Package fancyhdr Warning: \headheight is too small (12.0pt): 
(fancyhdr)                Make it at least 14.49998pt, for example:
(fancyhdr)                \setlength{\headheight}{14.49998pt}.
(fancyhdr)                You might also make \topmargin smaller:
(fancyhdr)                \addtolength{\topmargin}{-2.49998pt}.

[59 <./figs/localmind-runtime.pdf>]
<figs/localmind-agent.pdf, id=1804, 455.2441pt x 256.0748pt>
File: figs/localmind-agent.pdf Graphic file (type pdf)
<use figs/localmind-agent.pdf>
Package pdftex.def Info: figs/localmind-agent.pdf  used on input line 84.
(pdftex.def)             Requested size: 432.48051pt x 243.28139pt.


Package fancyhdr Warning: \headheight is too small (12.0pt): 
(fancyhdr)                Make it at least 14.49998pt, for example:
(fancyhdr)                \setlength{\headheight}{14.49998pt}.
(fancyhdr)                You might also make \topmargin smaller:
(fancyhdr)                \addtolength{\topmargin}{-2.49998pt}.

[60 <./figs/localmind-interaction.pdf> <./figs/localmind-agent.pdf

pdfTeX warning: pdflatex (file ./figs/localmind-agent.pdf): PDF inclusion: mult
iple pdfs with page group included in a single page
>]
<figs/localmind-services.pdf, id=1906, 455.2441pt x 256.0748pt>
File: figs/localmind-services.pdf Graphic file (type pdf)
<use figs/localmind-services.pdf>
Package pdftex.def Info: figs/localmind-services.pdf  used on input line 93.
(pdftex.def)             Requested size: 432.48051pt x 243.28139pt.


Package fancyhdr Warning: \headheight is too small (12.0pt): 
(fancyhdr)                Make it at least 14.49998pt, for example:
(fancyhdr)                \setlength{\headheight}{14.49998pt}.
(fancyhdr)                You might also make \topmargin smaller:
(fancyhdr)                \addtolength{\topmargin}{-2.49998pt}.

[61 <./figs/localmind-services.pdf>]

pdfTeX warning: pdflatex (file ./figs/GanttTFM.pdf): PDF inclusion: found PDF v
ersion <2.0>, but at most version <1.7> allowed
<figs/GanttTFM.pdf, id=2058, 1163.48679pt x 800.00885pt>
File: figs/GanttTFM.pdf Graphic file (type pdf)
<use figs/GanttTFM.pdf>
Package pdftex.def Info: figs/GanttTFM.pdf  used on input line 210.
(pdftex.def)             Requested size: 702.6662pt x 483.15845pt.

Package fancyhdr Warning: \headheight is too small (12.0pt): 
(fancyhdr)                Make it at least 14.49998pt, for example:
(fancyhdr)                \setlength{\headheight}{14.49998pt}.
(fancyhdr)                You might also make \topmargin smaller:
(fancyhdr)                \addtolength{\topmargin}{-2.49998pt}.

[62]

Package fancyhdr Warning: \headheight is too small (12.0pt): 
(fancyhdr)                Make it at least 14.49998pt, for example:
(fancyhdr)                \setlength{\headheight}{14.49998pt}.
(fancyhdr)                You might also make \topmargin smaller:
(fancyhdr)                \addtolength{\topmargin}{-2.49998pt}.

[63]

Package fancyhdr Warning: \headheight is too small (12.0pt): 
(fancyhdr)                Make it at least 14.49998pt, for example:
(fancyhdr)                \setlength{\headheight}{14.49998pt}.
(fancyhdr)                You might also make \topmargin smaller:
(fancyhdr)                \addtolength{\topmargin}{-2.49998pt}.

[64 <./figs/GanttTFM.pdf>]
Overfull \hbox (8.11958pt too wide) in paragraph at lines 241--241
 []|\T1/cmr/bx/n/12 Amortización| 
 []


Package fancyhdr Warning: \headheight is too small (12.0pt): 
(fancyhdr)                Make it at least 14.49998pt, for example:
(fancyhdr)                \setlength{\headheight}{14.49998pt}.
(fancyhdr)                You might also make \topmargin smaller:
(fancyhdr)                \addtolength{\topmargin}{-2.49998pt}.

[65]

Package fancyhdr Warning: \headheight is too small (12.0pt): 
(fancyhdr)                Make it at least 14.49998pt, for example:
(fancyhdr)                \setlength{\headheight}{14.49998pt}.
(fancyhdr)                You might also make \topmargin smaller:
(fancyhdr)                \addtolength{\topmargin}{-2.49998pt}.

[66]

Package fancyhdr Warning: \headheight is too small (12.0pt): 
(fancyhdr)                Make it at least 14.49998pt, for example:
(fancyhdr)                \setlength{\headheight}{14.49998pt}.
(fancyhdr)                You might also make \topmargin smaller:
(fancyhdr)                \addtolength{\topmargin}{-2.49998pt}.

[67]

Package fancyhdr Warning: \headheight is too small (12.0pt): 
(fancyhdr)                Make it at least 14.49998pt, for example:
(fancyhdr)                \setlength{\headheight}{14.49998pt}.
(fancyhdr)                You might also make \topmargin smaller:
(fancyhdr)                \addtolength{\topmargin}{-2.49998pt}.

[68

]

Package fancyhdr Warning: \headheight is too small (12.0pt): 
(fancyhdr)                Make it at least 14.49998pt, for example:
(fancyhdr)                \setlength{\headheight}{14.49998pt}.
(fancyhdr)                You might also make \topmargin smaller:
(fancyhdr)                \addtolength{\topmargin}{-2.49998pt}.

[69]

Package fancyhdr Warning: \headheight is too small (12.0pt): 
(fancyhdr)                Make it at least 14.49998pt, for example:
(fancyhdr)                \setlength{\headheight}{14.49998pt}.
(fancyhdr)                You might also make \topmargin smaller:
(fancyhdr)                \addtolength{\topmargin}{-2.49998pt}.

[70])
Cap\'{\i }tulo 4.
(./tex/analisis.tex
<figs/diagrama-casos-uso.pdf, id=2697, 1520.68124pt x 1090.0725pt>
File: figs/diagrama-casos-uso.pdf Graphic file (type pdf)
<use figs/diagrama-casos-uso.pdf>
Package pdftex.def Info: figs/diagrama-casos-uso.pdf  used on input line 14.
(pdftex.def)             Requested size: 409.71692pt x 293.69145pt.

Overfull \hbox (2.50078pt too wide) in paragraph at lines 44--44
 []|\T1/cmr/bx/n/12 Precondiciones| 
 []


Overfull \hbox (7.77591pt too wide) in paragraph at lines 45--45
 []|\T1/cmr/bx/n/12 Postcondiciones| 
 []


Overfull \hbox (2.50078pt too wide) in paragraph at lines 79--79
 []|\T1/cmr/bx/n/12 Precondiciones| 
 []


Overfull \hbox (7.77591pt too wide) in paragraph at lines 80--80
 []|\T1/cmr/bx/n/12 Postcondiciones| 
 []


Overfull \hbox (2.50078pt too wide) in paragraph at lines 111--111
 []|\T1/cmr/bx/n/12 Precondiciones| 
 []


Overfull \hbox (7.77591pt too wide) in paragraph at lines 112--112
 []|\T1/cmr/bx/n/12 Postcondiciones| 
 []


Overfull \hbox (2.50078pt too wide) in paragraph at lines 144--144
 []|\T1/cmr/bx/n/12 Precondiciones| 
 []


Overfull \hbox (7.77591pt too wide) in paragraph at lines 145--145
 []|\T1/cmr/bx/n/12 Postcondiciones| 
 []


Overfull \hbox (2.50078pt too wide) in paragraph at lines 176--176
 []|\T1/cmr/bx/n/12 Precondiciones| 
 []


Overfull \hbox (7.77591pt too wide) in paragraph at lines 177--177
 []|\T1/cmr/bx/n/12 Postcondiciones| 
 []


Overfull \hbox (2.50078pt too wide) in paragraph at lines 208--208
 []|\T1/cmr/bx/n/12 Precondiciones| 
 []


Overfull \hbox (7.77591pt too wide) in paragraph at lines 209--209
 []|\T1/cmr/bx/n/12 Postcondiciones| 
 []


Overfull \hbox (2.50078pt too wide) in paragraph at lines 240--240
 []|\T1/cmr/bx/n/12 Precondiciones| 
 []


Overfull \hbox (7.77591pt too wide) in paragraph at lines 241--241
 []|\T1/cmr/bx/n/12 Postcondiciones| 
 []


Overfull \hbox (2.50078pt too wide) in paragraph at lines 272--272
 []|\T1/cmr/bx/n/12 Precondiciones| 
 []


Overfull \hbox (7.77591pt too wide) in paragraph at lines 273--273
 []|\T1/cmr/bx/n/12 Postcondiciones| 
 []


Overfull \hbox (2.50078pt too wide) in paragraph at lines 305--305
 []|\T1/cmr/bx/n/12 Precondiciones| 
 []


Overfull \hbox (7.77591pt too wide) in paragraph at lines 306--306
 []|\T1/cmr/bx/n/12 Postcondiciones| 
 []

[71


]

Package fancyhdr Warning: \headheight is too small (12.0pt): 
(fancyhdr)                Make it at least 14.49998pt, for example:
(fancyhdr)                \setlength{\headheight}{14.49998pt}.
(fancyhdr)                You might also make \topmargin smaller:
(fancyhdr)                \addtolength{\topmargin}{-2.49998pt}.

[72]

Package fancyhdr Warning: \headheight is too small (12.0pt): 
(fancyhdr)                Make it at least 14.49998pt, for example:
(fancyhdr)                \setlength{\headheight}{14.49998pt}.
(fancyhdr)                You might also make \topmargin smaller:
(fancyhdr)                \addtolength{\topmargin}{-2.49998pt}.

[73]

Package fancyhdr Warning: \headheight is too small (12.0pt): 
(fancyhdr)                Make it at least 14.49998pt, for example:
(fancyhdr)                \setlength{\headheight}{14.49998pt}.
(fancyhdr)                You might also make \topmargin smaller:
(fancyhdr)                \addtolength{\topmargin}{-2.49998pt}.

[74]

Package fancyhdr Warning: \headheight is too small (12.0pt): 
(fancyhdr)                Make it at least 14.49998pt, for example:
(fancyhdr)                \setlength{\headheight}{14.49998pt}.
(fancyhdr)                You might also make \topmargin smaller:
(fancyhdr)                \addtolength{\topmargin}{-2.49998pt}.

[75]

Package fancyhdr Warning: \headheight is too small (12.0pt): 
(fancyhdr)                Make it at least 14.49998pt, for example:
(fancyhdr)                \setlength{\headheight}{14.49998pt}.
(fancyhdr)                You might also make \topmargin smaller:
(fancyhdr)                \addtolength{\topmargin}{-2.49998pt}.

[76]

Package fancyhdr Warning: \headheight is too small (12.0pt): 
(fancyhdr)                Make it at least 14.49998pt, for example:
(fancyhdr)                \setlength{\headheight}{14.49998pt}.
(fancyhdr)                You might also make \topmargin smaller:
(fancyhdr)                \addtolength{\topmargin}{-2.49998pt}.

[77]

Package fancyhdr Warning: \headheight is too small (12.0pt): 
(fancyhdr)                Make it at least 14.49998pt, for example:
(fancyhdr)                \setlength{\headheight}{14.49998pt}.
(fancyhdr)                You might also make \topmargin smaller:
(fancyhdr)                \addtolength{\topmargin}{-2.49998pt}.

[78]

Package fancyhdr Warning: \headheight is too small (12.0pt): 
(fancyhdr)                Make it at least 14.49998pt, for example:
(fancyhdr)                \setlength{\headheight}{14.49998pt}.
(fancyhdr)                You might also make \topmargin smaller:
(fancyhdr)                \addtolength{\topmargin}{-2.49998pt}.

[79]

Package fancyhdr Warning: \headheight is too small (12.0pt): 
(fancyhdr)                Make it at least 14.49998pt, for example:
(fancyhdr)                \setlength{\headheight}{14.49998pt}.
(fancyhdr)                You might also make \topmargin smaller:
(fancyhdr)                \addtolength{\topmargin}{-2.49998pt}.

[80]
<figs/diagrama-secuencia-general.pdf, id=2845, 2620.54031pt x 2451.1575pt>
File: figs/diagrama-secuencia-general.pdf Graphic file (type pdf)
<use figs/diagrama-secuencia-general.pdf>
Package pdftex.def Info: figs/diagrama-secuencia-general.pdf  used on input lin
e 322.
(pdftex.def)             Requested size: 455.24411pt x 425.81726pt.


Package fancyhdr Warning: \headheight is too small (12.0pt): 
(fancyhdr)                Make it at least 14.49998pt, for example:
(fancyhdr)                \setlength{\headheight}{14.49998pt}.
(fancyhdr)                You might also make \topmargin smaller:
(fancyhdr)                \addtolength{\topmargin}{-2.49998pt}.

[81 <./figs/diagrama-casos-uso.pdf>]

Package fancyhdr Warning: \headheight is too small (12.0pt): 
(fancyhdr)                Make it at least 14.49998pt, for example:
(fancyhdr)                \setlength{\headheight}{14.49998pt}.
(fancyhdr)                You might also make \topmargin smaller:
(fancyhdr)                \addtolength{\topmargin}{-2.49998pt}.

[82 <./figs/diagrama-secuencia-general.pdf>]
<figs/diagrama-clases-general.pdf, id=3128, 1709.63719pt x 1023.07219pt>
File: figs/diagrama-clases-general.pdf Graphic file (type pdf)
<use figs/diagrama-clases-general.pdf>
Package pdftex.def Info: figs/diagrama-clases-general.pdf  used on input line 3
41.
(pdftex.def)             Requested size: 455.24411pt x 272.42415pt.

Overfull \hbox (12.02647pt too wide) in paragraph at lines 348--349
\T1/cmr/m/n/12 los mé-to-dos de ge-ne-ra-ción com-ple-ta y con-ti-nua, sien-do 
he-re-da-da por \T1/cmtt/m/n/12 OpenAICompatProvider
 []


Package fancyhdr Warning: \headheight is too small (12.0pt): 
(fancyhdr)                Make it at least 14.49998pt, for example:
(fancyhdr)                \setlength{\headheight}{14.49998pt}.
(fancyhdr)                You might also make \topmargin smaller:
(fancyhdr)                \addtolength{\topmargin}{-2.49998pt}.

[83 <./figs/diagrama-clases-general.pdf>]
Overfull \hbox (103.2945pt too wide) in paragraph at lines 350--351
\T1/cmr/m/n/12 cio-nes de la ba-se vec-to-rial [][][]Chro-maDB[][] pa-ra al-ma-
ce-nar y con-sul-tar vec-to-res, y a \T1/cmtt/m/n/12 LocalMindEmbeddingFunction
\T1/cmr/m/n/12 ,
 []

<figs/diagrama-actividades-cot-rag.pdf, id=3255, 1081.79156pt x 1895.58188pt>
File: figs/diagrama-actividades-cot-rag.pdf Graphic file (type pdf)
<use figs/diagrama-actividades-cot-rag.pdf>
Package pdftex.def Info: figs/diagrama-actividades-cot-rag.pdf  used on input l
ine 362.
(pdftex.def)             Requested size: 335.5335pt x 587.94249pt.

Package fancyhdr Warning: \headheight is too small (12.0pt): 
(fancyhdr)                Make it at least 14.49998pt, for example:
(fancyhdr)                \setlength{\headheight}{14.49998pt}.
(fancyhdr)                You might also make \topmargin smaller:
(fancyhdr)                \addtolength{\topmargin}{-2.49998pt}.

[84]

Package fancyhdr Warning: \headheight is too small (12.0pt): 
(fancyhdr)                Make it at least 14.49998pt, for example:
(fancyhdr)                \setlength{\headheight}{14.49998pt}.
(fancyhdr)                You might also make \topmargin smaller:
(fancyhdr)                \addtolength{\topmargin}{-2.49998pt}.

[85 <./figs/diagrama-actividades-cot-rag.pdf>]
<figs/diagrama-actividades-websocket.pdf, id=3461, 1244.39906pt x 1492.07437pt>

File: figs/diagrama-actividades-websocket.pdf Graphic file (type pdf)
<use figs/diagrama-actividades-websocket.pdf>
Package pdftex.def Info: figs/diagrama-actividades-websocket.pdf  used on input
 line 379.
(pdftex.def)             Requested size: 455.23674pt x 545.84343pt.


Package fancyhdr Warning: \headheight is too small (12.0pt): 
(fancyhdr)                Make it at least 14.49998pt, for example:
(fancyhdr)                \setlength{\headheight}{14.49998pt}.
(fancyhdr)                You might also make \topmargin smaller:
(fancyhdr)                \addtolength{\topmargin}{-2.49998pt}.

[86 <./figs/diagrama-actividades-websocket.pdf>])

Package fancyhdr Warning: \headheight is too small (12.0pt): 
(fancyhdr)                Make it at least 14.49998pt, for example:
(fancyhdr)                \setlength{\headheight}{14.49998pt}.
(fancyhdr)                You might also make \topmargin smaller:
(fancyhdr)                \addtolength{\topmargin}{-2.49998pt}.

[87]

Package fancyhdr Warning: \headheight is too small (12.0pt): 
(fancyhdr)                Make it at least 14.49998pt, for example:
(fancyhdr)                \setlength{\headheight}{14.49998pt}.
(fancyhdr)                You might also make \topmargin smaller:
(fancyhdr)                \addtolength{\topmargin}{-2.49998pt}.

[88

]
Cap\'{\i }tulo 5.
[89]

Package fancyhdr Warning: \headheight is too small (12.0pt): 
(fancyhdr)                Make it at least 14.49998pt, for example:
(fancyhdr)                \setlength{\headheight}{14.49998pt}.
(fancyhdr)                You might also make \topmargin smaller:
(fancyhdr)                \addtolength{\topmargin}{-2.49998pt}.

[90

]
Cap\'{\i }tulo 6.
[91]

Package fancyhdr Warning: \headheight is too small (12.0pt): 
(fancyhdr)                Make it at least 14.49998pt, for example:
(fancyhdr)                \setlength{\headheight}{14.49998pt}.
(fancyhdr)                You might also make \topmargin smaller:
(fancyhdr)                \addtolength{\topmargin}{-2.49998pt}.

[92

]
Cap\'{\i }tulo 7.
[93]

Package fancyhdr Warning: \headheight is too small (12.0pt): 
(fancyhdr)                Make it at least 14.49998pt, for example:
(fancyhdr)                \setlength{\headheight}{14.49998pt}.
(fancyhdr)                You might also make \topmargin smaller:
(fancyhdr)                \addtolength{\topmargin}{-2.49998pt}.

[94

]
Cap\'{\i }tulo 8.
[95]
Overfull \hbox (72.03917pt too wide) in paragraph at lines 147--147
[]\T1/cmr/m/n/12 Google AI Ed-ge. ``Goo-gle AI Ed-ge Ga-llery.'' ver-sión cbf8d
d69c4b84bb5c1202a54744d2ce82b2bda1e.
 []


Overfull \hbox (2.63434pt too wide) in paragraph at lines 147--147
[]\T1/cmr/m/n/12 Lutfi Eren Er-do-gan, Ni-cho-las Lee, Siddharth Jha, Sehoon Ki
m, Ryan Ta-bri-zi, Suhong
 []


Package fancyhdr Warning: \headheight is too small (12.0pt): 
(fancyhdr)                Make it at least 14.49998pt, for example:
(fancyhdr)                \setlength{\headheight}{14.49998pt}.
(fancyhdr)                You might also make \topmargin smaller:
(fancyhdr)                \addtolength{\topmargin}{-2.49998pt}.

[96]

Package fancyhdr Warning: \headheight is too small (12.0pt): 
(fancyhdr)                Make it at least 14.49998pt, for example:
(fancyhdr)                \setlength{\headheight}{14.49998pt}.
(fancyhdr)                You might also make \topmargin smaller:
(fancyhdr)                \addtolength{\topmargin}{-2.49998pt}.

[97]

Package fancyhdr Warning: \headheight is too small (12.0pt): 
(fancyhdr)                Make it at least 14.49998pt, for example:
(fancyhdr)                \setlength{\headheight}{14.49998pt}.
(fancyhdr)                You might also make \topmargin smaller:
(fancyhdr)                \addtolength{\topmargin}{-2.49998pt}.

[98]

Package fancyhdr Warning: \headheight is too small (12.0pt): 
(fancyhdr)                Make it at least 14.49998pt, for example:
(fancyhdr)                \setlength{\headheight}{14.49998pt}.
(fancyhdr)                You might also make \topmargin smaller:
(fancyhdr)                \addtolength{\topmargin}{-2.49998pt}.

[99]

Package fancyhdr Warning: \headheight is too small (12.0pt): 
(fancyhdr)                Make it at least 14.49998pt, for example:
(fancyhdr)                \setlength{\headheight}{14.49998pt}.
(fancyhdr)                You might also make \topmargin smaller:
(fancyhdr)                \addtolength{\topmargin}{-2.49998pt}.

[100]

Package fancyhdr Warning: \headheight is too small (12.0pt): 
(fancyhdr)                Make it at least 14.49998pt, for example:
(fancyhdr)                \setlength{\headheight}{14.49998pt}.
(fancyhdr)                You might also make \topmargin smaller:
(fancyhdr)                \addtolength{\topmargin}{-2.49998pt}.

[101]

Package fancyhdr Warning: \headheight is too small (12.0pt): 
(fancyhdr)                Make it at least 14.49998pt, for example:
(fancyhdr)                \setlength{\headheight}{14.49998pt}.
(fancyhdr)                You might also make \topmargin smaller:
(fancyhdr)                \addtolength{\topmargin}{-2.49998pt}.

[102

]
Ap\'{e}ndice A.

Package glossaries Info: Preparing to sort glossary `acronym' (total number of
(glossaries)             referenced entries: 16)

[103]

Package glossaries Info: Preparing to sort glossary `main' (total number of
(glossaries)             referenced entries: 94)


Package fancyhdr Warning: \headheight is too small (12.0pt): 
(fancyhdr)                Make it at least 14.49998pt, for example:
(fancyhdr)                \setlength{\headheight}{14.49998pt}.
(fancyhdr)                You might also make \topmargin smaller:
(fancyhdr)                \addtolength{\topmargin}{-2.49998pt}.

[104]

Package fancyhdr Warning: \headheight is too small (12.0pt): 
(fancyhdr)                Make it at least 14.49998pt, for example:
(fancyhdr)                \setlength{\headheight}{14.49998pt}.
(fancyhdr)                You might also make \topmargin smaller:
(fancyhdr)                \addtolength{\topmargin}{-2.49998pt}.

[105]

Package fancyhdr Warning: \headheight is too small (12.0pt): 
(fancyhdr)                Make it at least 14.49998pt, for example:
(fancyhdr)                \setlength{\headheight}{14.49998pt}.
(fancyhdr)                You might also make \topmargin smaller:
(fancyhdr)                \addtolength{\topmargin}{-2.49998pt}.

[106]
Overfull \hbox (133.14655pt too wide) in paragraph at lines 161--161
[]
 []


Package fancyhdr Warning: \headheight is too small (12.0pt): 
(fancyhdr)                Make it at least 14.49998pt, for example:
(fancyhdr)                \setlength{\headheight}{14.49998pt}.
(fancyhdr)                You might also make \topmargin smaller:
(fancyhdr)                \addtolength{\topmargin}{-2.49998pt}.

[107]

Package fancyhdr Warning: \headheight is too small (12.0pt): 
(fancyhdr)                Make it at least 14.49998pt, for example:
(fancyhdr)                \setlength{\headheight}{14.49998pt}.
(fancyhdr)                You might also make \topmargin smaller:
(fancyhdr)                \addtolength{\topmargin}{-2.49998pt}.

[108]

Package fancyhdr Warning: \headheight is too small (12.0pt): 
(fancyhdr)                Make it at least 14.49998pt, for example:
(fancyhdr)                \setlength{\headheight}{14.49998pt}.
(fancyhdr)                You might also make \topmargin smaller:
(fancyhdr)                \addtolength{\topmargin}{-2.49998pt}.

[109]

Package fancyhdr Warning: \headheight is too small (12.0pt): 
(fancyhdr)                Make it at least 14.49998pt, for example:
(fancyhdr)                \setlength{\headheight}{14.49998pt}.
(fancyhdr)                You might also make \topmargin smaller:
(fancyhdr)                \addtolength{\topmargin}{-2.49998pt}.

[110]

Package fancyhdr Warning: \headheight is too small (12.0pt): 
(fancyhdr)                Make it at least 14.49998pt, for example:
(fancyhdr)                \setlength{\headheight}{14.49998pt}.
(fancyhdr)                You might also make \topmargin smaller:
(fancyhdr)                \addtolength{\topmargin}{-2.49998pt}.

[111]

Package glossaries Warning: Glossary `main' has no entries.
Remember to use package option `nomain' if you don't want to
use the main glossary.


Package glossaries Warning: Glossary `acronym' has no entries.


Package fancyhdr Warning: \headheight is too small (12.0pt): 
(fancyhdr)                Make it at least 14.49998pt, for example:
(fancyhdr)                \setlength{\headheight}{14.49998pt}.
(fancyhdr)                You might also make \topmargin smaller:
(fancyhdr)                \addtolength{\topmargin}{-2.49998pt}.

[112] (./main.aux
LaTeX Info: Redefining \sptext on input line 18.
LaTeX Info: Redefining \. on input line 18.
LaTeX Info: Redefining \% on input line 18.
)
 ***********
LaTeX2e <2025-11-01>
L3 programming layer <2026-01-19>
 ***********
Package rerunfilecheck Info: File `main.out' has not changed.
(rerunfilecheck)             Checksum: E0515D470CB600450F717E5EA52D55CE;9684.
Package logreq Info: Writing requests to 'main.run.xml'.
\openout1 = `main.run.xml'.

 ) 
Here is how much of TeX's memory you used:
 61791 strings out of 467525
 1299870 string characters out of 5418982
 2332687 words of memory out of 5000000
 89446 multiletter control sequences out of 15000+600000
 651847 words of font info for 97 fonts, out of 8000000 for 9000
 1141 hyphenation exceptions out of 8191
 99i,15n,131p,2495b,2961s stack positions out of 10000i,1000n,20000p,200000b,200000s
</usr/local/texlive/2026/texmf-dist/fonts/type1/public/amsfonts/cm/cmmi12.pfb
></usr/local/texlive/2026/texmf-dist/fonts/type1/public/amsfonts/cm/cmmi8.pfb><
/usr/local/texlive/2026/texmf-dist/fonts/type1/public/amsfonts/cm/cmr12.pfb></u
sr/local/texlive/2026/texmf-dist/fonts/type1/public/amsfonts/cm/cmr8.pfb></usr/
local/texlive/2026/texmf-dist/fonts/type1/public/amsfonts/cm/cmsy10.pfb></usr/l
ocal/texlive/2026/texmf-dist/fonts/type1/public/cm-super/sfbx0800.pfb></usr/loc
al/texlive/2026/texmf-dist/fonts/type1/public/cm-super/sfbx1000.pfb></usr/local
/texlive/2026/texmf-dist/fonts/type1/public/cm-super/sfbx1095.pfb></usr/local/t
exlive/2026/texmf-dist/fonts/type1/public/cm-super/sfbx1200.pfb></usr/local/tex
live/2026/texmf-dist/fonts/type1/public/cm-super/sfbx1440.pfb></usr/local/texli
ve/2026/texmf-dist/fonts/type1/public/cm-super/sfbx1728.pfb></usr/local/texlive
/2026/texmf-dist/fonts/type1/public/cm-super/sfbx2488.pfb></usr/local/texlive/2
026/texmf-dist/fonts/type1/public/cm-super/sfcc1200.pfb></usr/local/texlive/202
6/texmf-dist/fonts/type1/public/cm-super/sfcc2074.pfb></usr/local/texlive/2026/
texmf-dist/fonts/type1/public/cm-super/sfrm0800.pfb></usr/local/texlive/2026/te
xmf-dist/fonts/type1/public/cm-super/sfrm1000.pfb></usr/local/texlive/2026/texm
f-dist/fonts/type1/public/cm-super/sfrm1095.pfb></usr/local/texlive/2026/texmf-
dist/fonts/type1/public/cm-super/sfrm1200.pfb></usr/local/texlive/2026/texmf-di
st/fonts/type1/public/cm-super/sfti1200.pfb></usr/local/texlive/2026/texmf-dist
/fonts/type1/public/cm-super/sftt0800.pfb></usr/local/texlive/2026/texmf-dist/f
onts/type1/public/cm-super/sftt1095.pfb></usr/local/texlive/2026/texmf-dist/fon
ts/type1/public/cm-super/sftt1200.pfb></usr/local/texlive/2026/texmf-dist/fonts
/type1/public/cm-super/sfxc1440.pfb>
Output written on main.pdf (112 pages, 9573144 bytes).
PDF statistics:
 4781 PDF objects out of 5155 (max. 8388607)
 3811 compressed objects within 39 object streams
 499 named destinations out of 1000 (max. 500000)
 571 words of extra memory for PDF output out of 10000 (max. 10000000)

